This is pdfTeX, Version 3.141592653-2.6-1.40.29 (TeX Live 2026) (preloaded format=pdflatex 2026.5.17)  17 MAY 2026 16:47
entering extended mode
 \write18 enabled.
 file:line:error style messages enabled.
 %&-line parsing enabled.
**main.tex
(./main.tex
LaTeX2e <2025-11-01>
L3 programming layer <2026-04-28>
(/usr/local/texlive/2026/texmf-dist/tex/latex/koma-script/scrreprt.cls
Document Class: scrreprt 2026/02/02 v3.49.2 KOMA-Script document class (report)

(/usr/local/texlive/2026/texmf-dist/tex/latex/koma-script/scrkbase.sty
Package: scrkbase 2026/02/02 v3.49.2 KOMA-Script package (KOMA-Script-dependent
 basics and keyval usage)

(/usr/local/texlive/2026/texmf-dist/tex/latex/koma-script/scrbase.sty
Package: scrbase 2026/02/02 v3.49.2 KOMA-Script package (KOMA-Script-independen
t basics and keyval usage)

(/usr/local/texlive/2026/texmf-dist/tex/latex/koma-script/scrlfile.sty
Package: scrlfile 2026/02/02 v3.49.2 KOMA-Script package (file load hooks)

(/usr/local/texlive/2026/texmf-dist/tex/latex/koma-script/scrlfile-hook.sty
Package: scrlfile-hook 2026/02/02 v3.49.2 KOMA-Script package (using LaTeX hook
s)

(/usr/local/texlive/2026/texmf-dist/tex/latex/koma-script/scrlogo.sty
Package: scrlogo 2026/02/02 v3.49.2 KOMA-Script package (logo)
)))
(/usr/local/texlive/2026/texmf-dist/tex/latex/graphics/keyval.sty
Package: keyval 2022/05/29 v1.15 key=value parser (DPC)
\KV@toks@=\toks17
)
Applying: [2021/05/01] Usage of raw or classic option list on input line 254.
Already applied: [0000/00/00] Usage of raw or classic option list on input line
 370.
))
(/usr/local/texlive/2026/texmf-dist/tex/latex/koma-script/tocbasic.sty
Package: tocbasic 2026/02/02 v3.49.2 KOMA-Script package (handling toc-files)
\scr@dte@tocline@numberwidth=\skip49
\scr@dte@tocline@numbox=\box53
)
Package tocbasic Info: omitting babel extension for `toc'
(tocbasic)             because of feature `nobabel' available
(tocbasic)             for `toc' on input line 143.
Class scrreprt Info: You've used standard option `oneside'.
(scrreprt)           This is correct!
(scrreprt)           Internally I'm using `twoside=false'.
(scrreprt)           If you'd like to set the option with \KOMAoptions,
(scrreprt)           you'd have to use `twoside=false' there
(scrreprt)           instead of `oneside', too.
Class scrreprt Info: You've used standard option `openright'.
(scrreprt)           This is correct!
(scrreprt)           Internally I'm using `open=right'.
(scrreprt)           If you'd like to set the option with \KOMAoptions,
(scrreprt)           you'd have to use `open=right' there
(scrreprt)           instead of `openright', too.
Class scrreprt Info: You've used standard option `openany'.
(scrreprt)           This is correct!
(scrreprt)           Internally I'm using `open=any'.
(scrreprt)           If you'd like to set the option with \KOMAoptions,
(scrreprt)           you'd have to use `open=any' there
(scrreprt)           instead of `openany', too.


Class scrreprt Warning: You've used deprecated option `abstractoff'.
(scrreprt)              Usage of this option indicates an old document
(scrreprt)              and changes compatibility level using
(scrreprt)              `abstract=false,version=first,
(scrreprt)              enabledeprecatedfontcommands' that may result
(scrreprt)              in further warnings.
(scrreprt)              If you don't want this, you should simply
(scrreprt)              replace option `abstractoff' by `abstract=false'.

Class scrreprt Info: Switching compatibility level to `first'.

Class scrreprt Warning: Switching back to an old KOMA-Script release does
(scrreprt)              not mean, that KOMA-Script is fully compatible with
(scrreprt)              the old release. If you need full compatibility
(scrreprt)              to an old KOMA-Script release, you should use that
(scrreprt)              old KOMA-Script release. However, in that case you
(scrreprt)              could also need old releases of other packages and
(scrreprt)              even of the LaTeX kernel.
(scrreprt)              Please also note, that the KOMA-Script developers
(scrreprt)              refuse support for documents using `version=first'.
(scrreprt)              We recommend to eliminate all deprecated options
(scrreprt)              and commands. We also recommend to not use option
(scrreprt)              `version', i.e., with other values than `last'.


Class scrreprt Warning: deprecated option `enabledeprecatedfontcommands'.
(scrreprt)              Note, that this option was already depreacted when
(scrreprt)              it has been defined. Support for old font commands
(scrreprt)              has been removed from KOMA-Script more than one
(scrreprt)              decade ago. It is not recommended to use them any
(scrreprt)              longer. Therefore usage of this class option also
(scrreprt)              is not recommended.

Class scrreprt Info: File `scrsize12pt.clo' used to setup font sizes on input l
ine 2710.
(/usr/local/texlive/2026/texmf-dist/tex/latex/koma-script/scrsize12pt.clo
File: scrsize12pt.clo 2026/02/02 v3.49.2 KOMA-Script font size class option (12
pt)
)
(/usr/local/texlive/2026/texmf-dist/tex/latex/koma-script/typearea.sty
Package: typearea 2026/02/02 v3.49.2 KOMA-Script package (type area)
\ta@bcor=\skip50
\ta@div=\count276
Package typearea Info: You've used standard option `oneside'.
(typearea)             This is correct!
(typearea)             Internally I'm using `twoside=false'.
(typearea)             If you'd like to set the option with \KOMAoptions,
(typearea)             you'd have to use `twoside=false' there
(typearea)             instead of `oneside', too.
\ta@hblk=\skip51
\ta@vblk=\skip52
\ta@temp=\skip53
\footheight=\skip54
Package typearea Info: These are the values describing the layout:
(typearea)             DIV  = 12
(typearea)             BCOR = 14.22636pt
(typearea)             \paperwidth      = 597.50793pt
(typearea)              \textwidth      = 437.46118pt
(typearea)              DIV departure   = -3%
(typearea)              \evensidemargin = 14.86656pt
(typearea)              \oddsidemargin  = 14.86656pt
(typearea)             \paperheight     = 845.04694pt
(typearea)              \textheight     = 548.5pt
(typearea)              \topmargin      = -1.84941pt
(typearea)              \headheight     = 18.125pt
(typearea)              \headsep        = 21.75pt
(typearea)              \topskip        = 12.0pt
(typearea)              \footskip       = 50.75pt
(typearea)              \baselineskip   = 14.5pt
(typearea)              on input line 1810.
)
\c@part=\count277
\c@chapter=\count278
\c@section=\count279
\c@subsection=\count280
\c@subsubsection=\count281
\c@paragraph=\count282
\c@subparagraph=\count283
\scr@dte@chapter@maxnumwidth=\skip55
Class scrreprt Info: using compatibility default `afterindent=bysign'
(scrreprt)           for `\chapter on input line 5934.
\scr@dte@section@maxnumwidth=\skip56
Class scrreprt Info: using compatibility default `runin=bysign'
(scrreprt)           for `\section on input line 5945.
Class scrreprt Info: using compatibility default `afterindent=bysign'
(scrreprt)           for `\section on input line 5945.
\scr@dte@part@maxnumwidth=\skip57
Class scrreprt Info: using compatibility default `afterindent=true'
(scrreprt)           for `\part on input line 5954.
\scr@dte@subsection@maxnumwidth=\skip58
Class scrreprt Info: using compatibility default `runin=bysign'
(scrreprt)           for `\subsection on input line 5964.
Class scrreprt Info: using compatibility default `afterindent=bysign'
(scrreprt)           for `\subsection on input line 5964.
\scr@dte@subsubsection@maxnumwidth=\skip59
Class scrreprt Info: using compatibility default `runin=bysign'
(scrreprt)           for `\subsubsection on input line 5974.
Class scrreprt Info: using compatibility default `afterindent=bysign'
(scrreprt)           for `\subsubsection on input line 5974.
\scr@dte@paragraph@maxnumwidth=\skip60
Class scrreprt Info: using compatibility default `runin=bysign'
(scrreprt)           for `\paragraph on input line 5985.
Class scrreprt Info: using compatibility default `afterindent=bysign'
(scrreprt)           for `\paragraph on input line 5985.
\scr@dte@subparagraph@maxnumwidth=\skip61
Class scrreprt Info: using compatibility default `runin=bysign'
(scrreprt)           for `\subparagraph on input line 5995.
Class scrreprt Info: using compatibility default `afterindent=bysign'
(scrreprt)           for `\subparagraph on input line 5995.
\abovecaptionskip=\skip62
\belowcaptionskip=\skip63
\c@pti@nb@sid@b@x=\box54
Package tocbasic Info: omitting babel extension for `lof'
(tocbasic)             because of feature `nobabel' available
(tocbasic)             for `lof' on input line 7225.
\scr@dte@figure@maxnumwidth=\skip64
\c@figure=\count284
Package tocbasic Info: omitting babel extension for `lot'
(tocbasic)             because of feature `nobabel' available
(tocbasic)             for `lot' on input line 7238.
\scr@dte@table@maxnumwidth=\skip65
\c@table=\count285
Class scrreprt Info: Using old \@makefntext due to compatibility level
(scrreprt)           less than 3.22 on input line 7396.
Class scrreprt Info: Redefining `\numberline' on input line 7409.
\bibindent=\dimen150
)
(/usr/local/texlive/2026/texmf-dist/tex/latex/base/inputenc.sty
Package: inputenc 2024/02/08 v1.3d Input encoding file
\inpenc@prehook=\toks18
\inpenc@posthook=\toks19
)
(/usr/local/texlive/2026/texmf-dist/tex/latex/base/fontenc.sty
Package: fontenc 2025/07/18 v2.1d Standard LaTeX package
)
(/usr/local/texlive/2026/texmf-dist/tex/latex/base/fixltx2e.sty
Package: fixltx2e 2016/12/29 v2.1a fixes to LaTeX (obsolete)
Applying: [2015/01/01] Old fixltx2e package on input line 46.


Package fixltx2e Warning: fixltx2e is not required with releases after 2015
(fixltx2e)                All fixes are now in the LaTeX kernel.
(fixltx2e)                See the latexrelease package for details.

Already applied: [0000/00/00] Old fixltx2e package on input line 53.
) (/usr/local/texlive/2026/texmf-dist/tex/latex/graphics/graphicx.sty
Package: graphicx 2024/12/31 v1.2e Enhanced LaTeX Graphics (DPC,SPQR)

(/usr/local/texlive/2026/texmf-dist/tex/latex/graphics/graphics.sty
Package: graphics 2024/08/06 v1.4g Standard LaTeX Graphics (DPC,SPQR)

(/usr/local/texlive/2026/texmf-dist/tex/latex/graphics/trig.sty
Package: trig 2023/12/02 v1.11 sin cos tan (DPC)
)
(/usr/local/texlive/2026/texmf-dist/tex/latex/graphics-cfg/graphics.cfg
File: graphics.cfg 2016/06/04 v1.11 sample graphics configuration
)
Package graphics Info: Driver file: pdftex.def on input line 106.

(/usr/local/texlive/2026/texmf-dist/tex/latex/graphics-def/pdftex.def
File: pdftex.def 2025/09/29 v1.2d Graphics/color driver for pdftex
))
\Gin@req@height=\dimen151
\Gin@req@width=\dimen152
)
(/usr/local/texlive/2026/texmf-dist/tex/latex/grffile/grffile.sty
Package: grffile 2019/11/11 v2.1 Extended file name support for graphics (legac
y)
Package grffile Info: This package is an empty stub for compatibility on input 
line 40.
)
(/usr/local/texlive/2026/texmf-dist/tex/latex/tools/longtable.sty
Package: longtable 2025-10-13 v4.24 Multi-page Table package (DPC)
\LTleft=\skip66
\LTright=\skip67
\LTpre=\skip68
\LTpost=\skip69
\LTchunksize=\count286
\LTcapwidth=\dimen153
\LT@head=\box55
\LT@firsthead=\box56
\LT@foot=\box57
\LT@lastfoot=\box58
\LT@gbox=\box59
\LT@cols=\count287
\LT@rows=\count288
\c@LT@tables=\count289
\c@LT@chunks=\count290
\LT@p@ftn=\toks20
)
Class scrreprt Info: longtable captions redefined on input line 19.

(/usr/local/texlive/2026/texmf-dist/tex/latex/wrapfig/wrapfig.sty
\wrapoverhang=\dimen154
\WF@size=\dimen155
\c@WF@wrappedlines=\count291
\WF@box=\box60
\WF@everypar=\toks21
Package: wrapfig 2003/01/31  v 3.6
)
(/usr/local/texlive/2026/texmf-dist/tex/latex/graphics/rotating.sty
Package: rotating 2025/01/14 v2.16e rotated objects in LaTeX

(/usr/local/texlive/2026/texmf-dist/tex/latex/base/ifthen.sty
Package: ifthen 2024/03/16 v1.1e Standard LaTeX ifthen package (DPC)
)
\c@r@tfl@t=\count292
\rotFPtop=\skip70
\rotFPbot=\skip71
\rot@float@box=\box61
\rot@mess@toks=\toks22
)
(/usr/local/texlive/2026/texmf-dist/tex/generic/ulem/ulem.sty
\UL@box=\box62
\UL@hyphenbox=\box63
\UL@skip=\skip72
\UL@hook=\toks23
\UL@height=\dimen156
\UL@pe=\count293
\UL@pixel=\dimen157
\ULC@box=\box64
Package: ulem 2019/11/18
\ULdepth=\dimen158
)
(/usr/local/texlive/2026/texmf-dist/tex/latex/amsmath/amsmath.sty
Package: amsmath 2025/07/09 v2.17z AMS math features
\@mathmargin=\skip73

For additional information on amsmath, use the `?' option.
(/usr/local/texlive/2026/texmf-dist/tex/latex/amsmath/amstext.sty
Package: amstext 2024/11/17 v2.01 AMS text

(/usr/local/texlive/2026/texmf-dist/tex/latex/amsmath/amsgen.sty
File: amsgen.sty 1999/11/30 v2.0 generic functions
\@emptytoks=\toks24
\ex@=\dimen159
))
(/usr/local/texlive/2026/texmf-dist/tex/latex/amsmath/amsbsy.sty
Package: amsbsy 1999/11/29 v1.2d Bold Symbols
\pmbraise@=\dimen160
)
(/usr/local/texlive/2026/texmf-dist/tex/latex/amsmath/amsopn.sty
Package: amsopn 2022/04/08 v2.04 operator names
)
\inf@bad=\count294
LaTeX Info: Redefining \frac on input line 233.
\uproot@=\count295
\leftroot@=\count296
LaTeX Info: Redefining \overline on input line 398.
LaTeX Info: Redefining \colon on input line 409.
\classnum@=\count297
\DOTSCASE@=\count298
LaTeX Info: Redefining \ldots on input line 495.
LaTeX Info: Redefining \dots on input line 498.
LaTeX Info: Redefining \cdots on input line 619.
\Mathstrutbox@=\box65
\strutbox@=\box66
LaTeX Info: Redefining \big on input line 721.
LaTeX Info: Redefining \Big on input line 722.
LaTeX Info: Redefining \bigg on input line 723.
LaTeX Info: Redefining \Bigg on input line 724.
\big@size=\dimen161
LaTeX Font Info:    Redeclaring font encoding OML on input line 742.
LaTeX Font Info:    Redeclaring font encoding OMS on input line 743.
\macc@depth=\count299
LaTeX Info: Redefining \bmod on input line 904.
LaTeX Info: Redefining \pmod on input line 909.
LaTeX Info: Redefining \smash on input line 939.
LaTeX Info: Redefining \relbar on input line 969.
LaTeX Info: Redefining \Relbar on input line 970.
\c@MaxMatrixCols=\count300
\dotsspace@=\muskip17
\c@parentequation=\count301
\dspbrk@lvl=\count302
\tag@help=\toks25
\row@=\count303
\column@=\count304
\maxfields@=\count305
\andhelp@=\toks26
\eqnshift@=\dimen162
\alignsep@=\dimen163
\tagshift@=\dimen164
\tagwidth@=\dimen165
\totwidth@=\dimen166
\lineht@=\dimen167
\@envbody=\toks27
\multlinegap=\skip74
\multlinetaggap=\skip75
\mathdisplay@stack=\toks28
LaTeX Info: Redefining \[ on input line 2950.
LaTeX Info: Redefining \] on input line 2951.
)
(/usr/local/texlive/2026/texmf-dist/tex/latex/base/textcomp.sty
Package: textcomp 2024/04/24 v2.1b Standard LaTeX package
)
(/usr/local/texlive/2026/texmf-dist/tex/latex/amsfonts/amssymb.sty
Package: amssymb 2013/01/14 v3.01 AMS font symbols

(/usr/local/texlive/2026/texmf-dist/tex/latex/amsfonts/amsfonts.sty
Package: amsfonts 2013/01/14 v3.01 Basic AMSFonts support
\symAMSa=\mathgroup4
\symAMSb=\mathgroup5
LaTeX Font Info:    Redeclaring math symbol \hbar on input line 98.
LaTeX Font Info:    Overwriting math alphabet `\mathfrak' in version `bold'
(Font)                  U/euf/m/n --> U/euf/b/n on input line 106.
))
(/usr/local/texlive/2026/texmf-dist/tex/latex/hyperref/hyperref.sty
Package: hyperref 2026-04-24 v7.01q Hypertext links for LaTeX

(/usr/local/texlive/2026/texmf-dist/tex/generic/iftex/iftex.sty
Package: iftex 2024/12/12 v1.0g TeX engine tests
)
(/usr/local/texlive/2026/texmf-dist/tex/latex/kvsetkeys/kvsetkeys.sty
Package: kvsetkeys 2022-10-05 v1.19 Key value parser (HO)
)
(/usr/local/texlive/2026/texmf-dist/tex/generic/kvdefinekeys/kvdefinekeys.sty
Package: kvdefinekeys 2019-12-19 v1.6 Define keys (HO)
)
(/usr/local/texlive/2026/texmf-dist/tex/generic/pdfescape/pdfescape.sty
Package: pdfescape 2019/12/09 v1.15 Implements pdfTeX's escape features (HO)

(/usr/local/texlive/2026/texmf-dist/tex/generic/ltxcmds/ltxcmds.sty
Package: ltxcmds 2023-12-04 v1.26 LaTeX kernel commands for general use (HO)
)
(/usr/local/texlive/2026/texmf-dist/tex/generic/pdftexcmds/pdftexcmds.sty
Package: pdftexcmds 2020-06-27 v0.33 Utility functions of pdfTeX for LuaTeX (HO
)

(/usr/local/texlive/2026/texmf-dist/tex/generic/infwarerr/infwarerr.sty
Package: infwarerr 2019/12/03 v1.5 Providing info/warning/error messages (HO)
)
Package pdftexcmds Info: \pdf@primitive is available.
Package pdftexcmds Info: \pdf@ifprimitive is available.
Package pdftexcmds Info: \pdfdraftmode found.
))
(/usr/local/texlive/2026/texmf-dist/tex/latex/hycolor/hycolor.sty
Package: hycolor 2020-01-27 v1.10 Color options for hyperref/bookmark (HO)
)
(/usr/local/texlive/2026/texmf-dist/tex/latex/hyperref/nameref.sty
Package: nameref 2026-01-29 v2.58 Cross-referencing by name of section

(/usr/local/texlive/2026/texmf-dist/tex/latex/refcount/refcount.sty
Package: refcount 2019/12/15 v3.6 Data extraction from label references (HO)
)
(/usr/local/texlive/2026/texmf-dist/tex/generic/gettitlestring/gettitlestring.s
ty
Package: gettitlestring 2019/12/15 v1.6 Cleanup title references (HO)
 (/usr/local/texlive/2026/texmf-dist/tex/latex/kvoptions/kvoptions.sty
Package: kvoptions 2022-06-15 v3.15 Key value format for package options (HO)
))
\c@section@level=\count306
)
(/usr/local/texlive/2026/texmf-dist/tex/latex/etoolbox/etoolbox.sty
Package: etoolbox 2025/10/02 v2.5m e-TeX tools for LaTeX (JAW)
\etb@tempcnta=\count307
)
(/usr/local/texlive/2026/texmf-dist/tex/generic/stringenc/stringenc.sty
Package: stringenc 2019/11/29 v1.12 Convert strings between diff. encodings (HO
)
)
\@linkdim=\dimen168
\Hy@linkcounter=\count308
\Hy@pagecounter=\count309

(/usr/local/texlive/2026/texmf-dist/tex/latex/hyperref/pd1enc.def
File: pd1enc.def 2026-04-24 v7.01q Hyperref: PDFDocEncoding definition (HO)
Now handling font encoding PD1 ...
... no UTF-8 mapping file for font encoding PD1
)
(/usr/local/texlive/2026/texmf-dist/tex/generic/intcalc/intcalc.sty
Package: intcalc 2019/12/15 v1.3 Expandable calculations with integers (HO)
)
\Hy@SavedSpaceFactor=\count310

(/usr/local/texlive/2026/texmf-dist/tex/latex/hyperref/puenc.def
File: puenc.def 2026-04-24 v7.01q Hyperref: PDF Unicode definition (HO)
Now handling font encoding PU ...
... no UTF-8 mapping file for font encoding PU
)
Package hyperref Info: Option `colorlinks' set `true' on input line 4070.
Package hyperref Info: Hyper figures OFF on input line 4199.
Package hyperref Info: Link nesting OFF on input line 4204.
Package hyperref Info: Hyper index ON on input line 4207.
Package hyperref Info: Plain pages OFF on input line 4214.
Package hyperref Info: Backreferencing OFF on input line 4219.
Package hyperref Info: Implicit mode ON; LaTeX internals redefined.
Package hyperref Info: Bookmarks ON on input line 4466.
\c@Hy@tempcnt=\count311

(/usr/local/texlive/2026/texmf-dist/tex/latex/url/url.sty
\Urlmuskip=\muskip18
Package: url 2013/09/16  ver 3.4  Verb mode for urls, etc.
)
LaTeX Info: Redefining \url on input line 4805.
\XeTeXLinkMargin=\dimen169

(/usr/local/texlive/2026/texmf-dist/tex/generic/bitset/bitset.sty
Package: bitset 2019/12/09 v1.3 Handle bit-vector datatype (HO)

(/usr/local/texlive/2026/texmf-dist/tex/generic/bigintcalc/bigintcalc.sty
Package: bigintcalc 2019/12/15 v1.5 Expandable calculations on big integers (HO
)
))
\Fld@menulength=\count312
\Field@Width=\dimen170
\Fld@charsize=\dimen171
Package hyperref Info: Hyper figures OFF on input line 6091.
Package hyperref Info: Link nesting OFF on input line 6096.
Package hyperref Info: Hyper index ON on input line 6099.
Package hyperref Info: backreferencing OFF on input line 6106.
Package hyperref Info: Link coloring ON on input line 6109.
Package hyperref Info: Link coloring with OCG OFF on input line 6116.
Package hyperref Info: PDF/A mode OFF on input line 6121.
\Hy@abspage=\count313
\c@Item=\count314
\c@Hfootnote=\count315
)
Package hyperref Info: Driver (autodetected): hpdftex.

(/usr/local/texlive/2026/texmf-dist/tex/latex/hyperref/hpdftex.def
File: hpdftex.def 2026-04-24 v7.01q Hyperref driver for pdfTeX
\Fld@listcount=\count316
\c@bookmark@seq@number=\count317

(/usr/local/texlive/2026/texmf-dist/tex/latex/rerunfilecheck/rerunfilecheck.sty
Package: rerunfilecheck 2025-06-21 v1.11 Rerun checks for auxiliary files (HO)

(/usr/local/texlive/2026/texmf-dist/tex/generic/uniquecounter/uniquecounter.sty
Package: uniquecounter 2019/12/15 v1.4 Provide unlimited unique counter (HO)
)
Package uniquecounter Info: New unique counter `rerunfilecheck' on input line 2
84.
)
\Hy@SectionHShift=\skip76
) (/usr/local/texlive/2026/texmf-dist/tex/latex/pgf/frontendlayer/tikz.sty
(/usr/local/texlive/2026/texmf-dist/tex/latex/pgf/basiclayer/pgf.sty
(/usr/local/texlive/2026/texmf-dist/tex/latex/pgf/utilities/pgfrcs.sty
(/usr/local/texlive/2026/texmf-dist/tex/generic/pgf/utilities/pgfutil-common.te
x
\pgfutil@everybye=\toks29
\pgfutil@tempdima=\dimen172
\pgfutil@tempdimb=\dimen173
)
(/usr/local/texlive/2026/texmf-dist/tex/generic/pgf/utilities/pgfutil-latex.def
\pgfutil@abb=\box67
) (/usr/local/texlive/2026/texmf-dist/tex/generic/pgf/utilities/pgfrcs.code.tex
(/usr/local/texlive/2026/texmf-dist/tex/generic/pgf/pgf.revision.tex)
Package: pgfrcs 2025-08-29 v3.1.11a (3.1.11a)
))
Package: pgf 2025-08-29 v3.1.11a (3.1.11a)

(/usr/local/texlive/2026/texmf-dist/tex/latex/pgf/basiclayer/pgfcore.sty
(/usr/local/texlive/2026/texmf-dist/tex/latex/pgf/systemlayer/pgfsys.sty
(/usr/local/texlive/2026/texmf-dist/tex/generic/pgf/systemlayer/pgfsys.code.tex
Package: pgfsys 2025-08-29 v3.1.11a (3.1.11a)
(/usr/local/texlive/2026/texmf-dist/tex/generic/pgf/utilities/pgfkeys.code.tex
\pgfkeys@pathtoks=\toks30
\pgfkeys@temptoks=\toks31

(/usr/local/texlive/2026/texmf-dist/tex/generic/pgf/utilities/pgfkeyslibraryfil
tered.code.tex
\pgfkeys@tmptoks=\toks32
))
\pgf@x=\dimen174
\pgf@y=\dimen175
\pgf@xa=\dimen176
\pgf@ya=\dimen177
\pgf@xb=\dimen178
\pgf@yb=\dimen179
\pgf@xc=\dimen180
\pgf@yc=\dimen181
\pgf@xd=\dimen182
\pgf@yd=\dimen183
\w@pgf@writea=\write3
\r@pgf@reada=\read2
\c@pgf@counta=\count318
\c@pgf@countb=\count319
\c@pgf@countc=\count320
\c@pgf@countd=\count321
\t@pgf@toka=\toks33
\t@pgf@tokb=\toks34
\t@pgf@tokc=\toks35
\pgf@sys@id@count=\count322

(/usr/local/texlive/2026/texmf-dist/tex/generic/pgf/systemlayer/pgf.cfg
File: pgf.cfg 2025-08-29 v3.1.11a (3.1.11a)
)
Driver file for pgf: pgfsys-pdftex.def

(/usr/local/texlive/2026/texmf-dist/tex/generic/pgf/systemlayer/pgfsys-pdftex.d
ef
File: pgfsys-pdftex.def 2025-08-29 v3.1.11a (3.1.11a)

(/usr/local/texlive/2026/texmf-dist/tex/generic/pgf/systemlayer/pgfsys-common-p
df.def
File: pgfsys-common-pdf.def 2025-08-29 v3.1.11a (3.1.11a)
)))
(/usr/local/texlive/2026/texmf-dist/tex/generic/pgf/systemlayer/pgfsyssoftpath.
code.tex
File: pgfsyssoftpath.code.tex 2025-08-29 v3.1.11a (3.1.11a)
\pgfsyssoftpath@smallbuffer@items=\count323
\pgfsyssoftpath@bigbuffer@items=\count324
)
(/usr/local/texlive/2026/texmf-dist/tex/generic/pgf/systemlayer/pgfsysprotocol.
code.tex
File: pgfsysprotocol.code.tex 2025-08-29 v3.1.11a (3.1.11a)
)) (/usr/local/texlive/2026/texmf-dist/tex/latex/xcolor/xcolor.sty
Package: xcolor 2024/09/29 v3.02 LaTeX color extensions (UK)

(/usr/local/texlive/2026/texmf-dist/tex/latex/graphics-cfg/color.cfg
File: color.cfg 2016/01/02 v1.6 sample color configuration
)
Package xcolor Info: Driver file: pdftex.def on input line 274.

(/usr/local/texlive/2026/texmf-dist/tex/latex/graphics/mathcolor.ltx)
Package xcolor Info: Model `cmy' substituted by `cmy0' on input line 1349.
Package xcolor Info: Model `hsb' substituted by `rgb' on input line 1353.
Package xcolor Info: Model `RGB' extended on input line 1365.
Package xcolor Info: Model `HTML' substituted by `rgb' on input line 1367.
Package xcolor Info: Model `Hsb' substituted by `hsb' on input line 1368.
Package xcolor Info: Model `tHsb' substituted by `hsb' on input line 1369.
Package xcolor Info: Model `HSB' substituted by `hsb' on input line 1370.
Package xcolor Info: Model `Gray' substituted by `gray' on input line 1371.
Package xcolor Info: Model `wave' substituted by `hsb' on input line 1372.
)
(/usr/local/texlive/2026/texmf-dist/tex/generic/pgf/basiclayer/pgfcore.code.tex
Package: pgfcore 2025-08-29 v3.1.11a (3.1.11a)
(/usr/local/texlive/2026/texmf-dist/tex/generic/pgf/math/pgfmath.code.tex
(/usr/local/texlive/2026/texmf-dist/tex/generic/pgf/math/pgfmathutil.code.tex)
(/usr/local/texlive/2026/texmf-dist/tex/generic/pgf/math/pgfmathparser.code.tex
\pgfmath@dimen=\dimen184
\pgfmath@count=\count325
\pgfmath@box=\box68
\pgfmath@toks=\toks36
\pgfmath@stack@operand=\toks37
\pgfmath@stack@operation=\toks38
)
(/usr/local/texlive/2026/texmf-dist/tex/generic/pgf/math/pgfmathfunctions.code.
tex)
(/usr/local/texlive/2026/texmf-dist/tex/generic/pgf/math/pgfmathfunctions.basic
.code.tex)
(/usr/local/texlive/2026/texmf-dist/tex/generic/pgf/math/pgfmathfunctions.trigo
nometric.code.tex)
(/usr/local/texlive/2026/texmf-dist/tex/generic/pgf/math/pgfmathfunctions.rando
m.code.tex)
(/usr/local/texlive/2026/texmf-dist/tex/generic/pgf/math/pgfmathfunctions.compa
rison.code.tex)
(/usr/local/texlive/2026/texmf-dist/tex/generic/pgf/math/pgfmathfunctions.base.
code.tex)
(/usr/local/texlive/2026/texmf-dist/tex/generic/pgf/math/pgfmathfunctions.round
.code.tex)
(/usr/local/texlive/2026/texmf-dist/tex/generic/pgf/math/pgfmathfunctions.misc.
code.tex)
(/usr/local/texlive/2026/texmf-dist/tex/generic/pgf/math/pgfmathfunctions.integ
erarithmetics.code.tex)
(/usr/local/texlive/2026/texmf-dist/tex/generic/pgf/math/pgfmathcalc.code.tex)
(/usr/local/texlive/2026/texmf-dist/tex/generic/pgf/math/pgfmathfloat.code.tex
\c@pgfmathroundto@lastzeros=\count326
)) (/usr/local/texlive/2026/texmf-dist/tex/generic/pgf/math/pgfint.code.tex)
(/usr/local/texlive/2026/texmf-dist/tex/generic/pgf/basiclayer/pgfcorepoints.co
de.tex
File: pgfcorepoints.code.tex 2025-08-29 v3.1.11a (3.1.11a)
\pgf@picminx=\dimen185
\pgf@picmaxx=\dimen186
\pgf@picminy=\dimen187
\pgf@picmaxy=\dimen188
\pgf@pathminx=\dimen189
\pgf@pathmaxx=\dimen190
\pgf@pathminy=\dimen191
\pgf@pathmaxy=\dimen192
\pgf@xx=\dimen193
\pgf@xy=\dimen194
\pgf@yx=\dimen195
\pgf@yy=\dimen196
\pgf@zx=\dimen197
\pgf@zy=\dimen198
)
(/usr/local/texlive/2026/texmf-dist/tex/generic/pgf/basiclayer/pgfcorepathconst
ruct.code.tex
File: pgfcorepathconstruct.code.tex 2025-08-29 v3.1.11a (3.1.11a)
\pgf@path@lastx=\dimen199
\pgf@path@lasty=\dimen256
)
(/usr/local/texlive/2026/texmf-dist/tex/generic/pgf/basiclayer/pgfcorepathusage
.code.tex
File: pgfcorepathusage.code.tex 2025-08-29 v3.1.11a (3.1.11a)
\pgf@shorten@end@additional=\dimen257
\pgf@shorten@start@additional=\dimen258
)
(/usr/local/texlive/2026/texmf-dist/tex/generic/pgf/basiclayer/pgfcorescopes.co
de.tex
File: pgfcorescopes.code.tex 2025-08-29 v3.1.11a (3.1.11a)
\pgfpic=\box69
\pgf@hbox=\box70
\pgf@layerbox@main=\box71
\pgf@picture@serial@count=\count327
)
(/usr/local/texlive/2026/texmf-dist/tex/generic/pgf/basiclayer/pgfcoregraphicst
ate.code.tex
File: pgfcoregraphicstate.code.tex 2025-08-29 v3.1.11a (3.1.11a)
\pgflinewidth=\dimen259
)
(/usr/local/texlive/2026/texmf-dist/tex/generic/pgf/basiclayer/pgfcoretransform
ations.code.tex
File: pgfcoretransformations.code.tex 2025-08-29 v3.1.11a (3.1.11a)
\pgf@pt@x=\dimen260
\pgf@pt@y=\dimen261
\pgf@pt@temp=\dimen262
)
(/usr/local/texlive/2026/texmf-dist/tex/generic/pgf/basiclayer/pgfcorequick.cod
e.tex
File: pgfcorequick.code.tex 2025-08-29 v3.1.11a (3.1.11a)
)
(/usr/local/texlive/2026/texmf-dist/tex/generic/pgf/basiclayer/pgfcoreobjects.c
ode.tex
File: pgfcoreobjects.code.tex 2025-08-29 v3.1.11a (3.1.11a)
)
(/usr/local/texlive/2026/texmf-dist/tex/generic/pgf/basiclayer/pgfcorepathproce
ssing.code.tex
File: pgfcorepathprocessing.code.tex 2025-08-29 v3.1.11a (3.1.11a)
)
(/usr/local/texlive/2026/texmf-dist/tex/generic/pgf/basiclayer/pgfcorearrows.co
de.tex
File: pgfcorearrows.code.tex 2025-08-29 v3.1.11a (3.1.11a)
\pgfarrowsep=\dimen263
)
(/usr/local/texlive/2026/texmf-dist/tex/generic/pgf/basiclayer/pgfcoreshade.cod
e.tex
File: pgfcoreshade.code.tex 2025-08-29 v3.1.11a (3.1.11a)
\pgf@max=\dimen264
\pgf@sys@shading@range@num=\count328
\pgf@shadingcount=\count329
)
(/usr/local/texlive/2026/texmf-dist/tex/generic/pgf/basiclayer/pgfcoreimage.cod
e.tex
File: pgfcoreimage.code.tex 2025-08-29 v3.1.11a (3.1.11a)
)
(/usr/local/texlive/2026/texmf-dist/tex/generic/pgf/basiclayer/pgfcoreexternal.
code.tex
File: pgfcoreexternal.code.tex 2025-08-29 v3.1.11a (3.1.11a)
\pgfexternal@startupbox=\box72
)
(/usr/local/texlive/2026/texmf-dist/tex/generic/pgf/basiclayer/pgfcorelayers.co
de.tex
File: pgfcorelayers.code.tex 2025-08-29 v3.1.11a (3.1.11a)
)
(/usr/local/texlive/2026/texmf-dist/tex/generic/pgf/basiclayer/pgfcoretranspare
ncy.code.tex
File: pgfcoretransparency.code.tex 2025-08-29 v3.1.11a (3.1.11a)
)
(/usr/local/texlive/2026/texmf-dist/tex/generic/pgf/basiclayer/pgfcorepatterns.
code.tex
File: pgfcorepatterns.code.tex 2025-08-29 v3.1.11a (3.1.11a)
)
(/usr/local/texlive/2026/texmf-dist/tex/generic/pgf/basiclayer/pgfcorerdf.code.
tex
File: pgfcorerdf.code.tex 2025-08-29 v3.1.11a (3.1.11a)
)))
(/usr/local/texlive/2026/texmf-dist/tex/generic/pgf/modules/pgfmoduleshapes.cod
e.tex
File: pgfmoduleshapes.code.tex 2025-08-29 v3.1.11a (3.1.11a)
\pgfnodeparttextbox=\box73
)
(/usr/local/texlive/2026/texmf-dist/tex/generic/pgf/modules/pgfmoduleplot.code.
tex
File: pgfmoduleplot.code.tex 2025-08-29 v3.1.11a (3.1.11a)
)
(/usr/local/texlive/2026/texmf-dist/tex/latex/pgf/compatibility/pgfcomp-version
-0-65.sty
Package: pgfcomp-version-0-65 2025-08-29 v3.1.11a (3.1.11a)
\pgf@nodesepstart=\dimen265
\pgf@nodesepend=\dimen266
)
(/usr/local/texlive/2026/texmf-dist/tex/latex/pgf/compatibility/pgfcomp-version
-1-18.sty
Package: pgfcomp-version-1-18 2025-08-29 v3.1.11a (3.1.11a)
))
(/usr/local/texlive/2026/texmf-dist/tex/latex/pgf/utilities/pgffor.sty
(/usr/local/texlive/2026/texmf-dist/tex/latex/pgf/utilities/pgfkeys.sty
(/usr/local/texlive/2026/texmf-dist/tex/generic/pgf/utilities/pgfkeys.code.tex)
) (/usr/local/texlive/2026/texmf-dist/tex/latex/pgf/math/pgfmath.sty
(/usr/local/texlive/2026/texmf-dist/tex/generic/pgf/math/pgfmath.code.tex))
(/usr/local/texlive/2026/texmf-dist/tex/generic/pgf/utilities/pgffor.code.tex
Package: pgffor 2025-08-29 v3.1.11a (3.1.11a)
\pgffor@iter=\dimen267
\pgffor@skip=\dimen268
\pgffor@stack=\toks39
\pgffor@toks=\toks40
))
(/usr/local/texlive/2026/texmf-dist/tex/generic/pgf/frontendlayer/tikz/tikz.cod
e.tex
Package: tikz 2025-08-29 v3.1.11a (3.1.11a)

(/usr/local/texlive/2026/texmf-dist/tex/generic/pgf/libraries/pgflibraryplothan
dlers.code.tex
File: pgflibraryplothandlers.code.tex 2025-08-29 v3.1.11a (3.1.11a)
\pgf@plot@mark@count=\count330
\pgfplotmarksize=\dimen269
)
\tikz@lastx=\dimen270
\tikz@lasty=\dimen271
\tikz@lastxsaved=\dimen272
\tikz@lastysaved=\dimen273
\tikz@lastmovetox=\dimen274
\tikz@lastmovetoy=\dimen275
\tikzleveldistance=\dimen276
\tikzsiblingdistance=\dimen277
\tikz@figbox=\box74
\tikz@figbox@bg=\box75
\tikz@tempbox=\box76
\tikz@tempbox@bg=\box77
\tikztreelevel=\count331
\tikznumberofchildren=\count332
\tikznumberofcurrentchild=\count333
\tikz@fig@count=\count334

(/usr/local/texlive/2026/texmf-dist/tex/generic/pgf/modules/pgfmodulematrix.cod
e.tex
File: pgfmodulematrix.code.tex 2025-08-29 v3.1.11a (3.1.11a)
\pgfmatrixcurrentrow=\count335
\pgfmatrixcurrentcolumn=\count336
\pgf@matrix@numberofcolumns=\count337
)
\tikz@expandcount=\count338

(/usr/local/texlive/2026/texmf-dist/tex/generic/pgf/frontendlayer/tikz/librarie
s/tikzlibrarytopaths.code.tex
File: tikzlibrarytopaths.code.tex 2025-08-29 v3.1.11a (3.1.11a)
)))
(/usr/local/texlive/2026/texmf-dist/tex/generic/pgf/libraries/pgflibraryarrows.
meta.code.tex
File: pgflibraryarrows.meta.code.tex 2025-08-29 v3.1.11a (3.1.11a)
\pgfarrowinset=\dimen278
\pgfarrowlength=\dimen279
\pgfarrowwidth=\dimen280
\pgfarrowlinewidth=\dimen281
)
(/usr/local/texlive/2026/texmf-dist/tex/generic/pgf/frontendlayer/tikz/librarie
s/tikzlibrarypositioning.code.tex
File: tikzlibrarypositioning.code.tex 2025-08-29 v3.1.11a (3.1.11a)
)
(/usr/local/texlive/2026/texmf-dist/tex/generic/pgf/frontendlayer/tikz/librarie
s/tikzlibraryshapes.geometric.code.tex
File: tikzlibraryshapes.geometric.code.tex 2025-08-29 v3.1.11a (3.1.11a)

(/usr/local/texlive/2026/texmf-dist/tex/generic/pgf/libraries/shapes/pgflibrary
shapes.geometric.code.tex
File: pgflibraryshapes.geometric.code.tex 2025-08-29 v3.1.11a (3.1.11a)
))
(/usr/local/texlive/2026/texmf-dist/tex/generic/pgf/frontendlayer/tikz/librarie
s/tikzlibraryfit.code.tex
File: tikzlibraryfit.code.tex 2025-08-29 v3.1.11a (3.1.11a)
)
(/usr/local/texlive/2026/texmf-dist/tex/latex/minted/minted.sty
Package: minted 2026/03/03 v3.8.0 Yet another Pygments shim for LaTeX

(/usr/local/texlive/2026/texmf-dist/tex/generic/catchfile/catchfile.sty
Package: catchfile 2019/12/09 v1.8 Catch the contents of a file (HO)

(/usr/local/texlive/2026/texmf-dist/tex/generic/etexcmds/etexcmds.sty
Package: etexcmds 2019/12/15 v1.7 Avoid name clashes with e-TeX commands (HO)
))
(/usr/local/texlive/2026/texmf-dist/tex/latex/fvextra/fvextra.sty
Package: fvextra 2026/02/25 v1.14.0 fvextra - extensions and patches for fancyv
rb

(/usr/local/texlive/2026/texmf-dist/tex/latex/fancyvrb/fancyvrb.sty
Package: fancyvrb 2026/04/16 4.6a verbatim text (tvz,hv)
\FV@CodeLineNo=\count339
\FV@InFile=\read3
\FV@TabBox=\box78
\c@FancyVerbLine=\count340
\FV@StepNumber=\count341
\FV@OutFile=\write4
)
(/usr/local/texlive/2026/texmf-dist/tex/latex/upquote/upquote.sty
Package: upquote 2012/04/19 v1.3 upright-quote and grave-accent glyphs in verba
tim
)
(/usr/local/texlive/2026/texmf-dist/tex/latex/lineno/lineno.sty
Package: lineno 2026/03/08 line numbers on paragraphs v5.9
\linenopenalty=\count342
\output=\toks41
\linenoprevgraf=\count343
\linenumbersep=\dimen282
\linenumberwidth=\dimen283
\c@linenumber=\count344
\c@pagewiselinenumber=\count345
\c@LN@truepage=\count346
\c@internallinenumber=\count347
\c@internallinenumbers=\count348
\quotelinenumbersep=\dimen284
\bframerule=\dimen285
\bframesep=\dimen286
\bframebox=\box79
\@LN@amsmath@ams@eqpen=\count349
)
\c@FancyVerbWriteLine=\count350
\c@FancyVerbBufferLine=\count351
\c@FV@TrueTabGroupLevel=\count352
\c@FV@TrueTabCounter=\count353
\FV@TabBox@Group=\box80
\FV@bgcolorstructbox=\box81
\FV@TmpLength=\skip77
\c@FV@HighlightLinesStart=\count354
\c@FV@HighlightLinesStop=\count355
\FV@LoopCount=\count356
\FV@NCharsBox=\box82
\FV@BreakIndent=\dimen287
\FV@BreakIndentNChars=\count357
\FV@BreakSymbolSepLeft=\dimen288
\FV@BreakSymbolSepLeftNChars=\count358
\FV@BreakSymbolSepRight=\dimen289
\FV@BreakSymbolSepRightNChars=\count359
\FV@BreakSymbolIndentLeft=\dimen290
\FV@BreakSymbolIndentLeftNChars=\count360
\FV@BreakSymbolIndentRight=\dimen291
\FV@BreakSymbolIndentRightNChars=\count361
\c@FancyVerbLineBreakLast=\count362
\FV@LineBox=\box83
\FV@LineIndentBox=\box84
\c@FV@BreakBufferDepth=\count363
\FV@LineWidth=\dimen292
)
(/usr/local/texlive/2026/texmf-dist/tex/latex/latex2pydata/latex2pydata.sty
Package: latex2pydata 2026/02/25 v0.7.0 latex2pydata - write data to file in Py
thon literal format
)
(/usr/local/texlive/2026/texmf-dist/tex/latex/pgfopts/pgfopts.sty
Package: pgfopts 2014/07/10 v2.1a LaTeX package options with pgfkeys
\pgfopts@list@add@a@toks=\toks42
\pgfopts@list@add@b@toks=\toks43
)
(/usr/local/texlive/2026/texmf-dist/tex/latex/tools/shellesc.sty
Package: shellesc 2023/07/08 v1.0d unified shell escape interface for LaTeX
Package shellesc Info: Unrestricted shell escape enabled on input line 75.
)
(/usr/local/texlive/2026/texmf-dist/tex/latex/float/float.sty
Package: float 2001/11/08 v1.3d Float enhancements (AL)
\c@float@type=\count364
\float@exts=\toks44
\float@box=\box85
\@float@everytoks=\toks45
\@floatcapt=\box86
)
\c@minted@FancyVerbLineTemp=\count365
\@float@every@listing=\toks46
\c@listing=\count366
)
(/usr/local/texlive/2026/texmf-dist/tex/latex/natbib/natbib.sty
Package: natbib 2010/09/13 8.31b (PWD, AO)
\bibhang=\skip78
\bibsep=\skip79
LaTeX Info: Redefining \cite on input line 694.
\c@NAT@ctr=\count367
)
(/usr/local/texlive/2026/texmf-dist/tex/latex/booktabs/booktabs.sty
Package: booktabs 2020/01/12 v1.61803398 Publication quality tables
\heavyrulewidth=\dimen293
\lightrulewidth=\dimen294
\cmidrulewidth=\dimen295
\belowrulesep=\dimen296
\belowbottomsep=\dimen297
\aboverulesep=\dimen298
\abovetopsep=\dimen299
\cmidrulesep=\dimen300
\cmidrulekern=\dimen301
\defaultaddspace=\dimen302
\@cmidla=\count368
\@cmidlb=\count369
\@aboverulesep=\dimen303
\@belowrulesep=\dimen304
\@thisruleclass=\count370
\@lastruleclass=\count371
\@thisrulewidth=\dimen305
)
(/usr/local/texlive/2026/texmf-dist/tex/latex/tools/array.sty
Package: array 2025/09/25 v2.6n Tabular extension package (FMi)
\col@sep=\dimen306
\ar@mcellbox=\box87
\extrarowheight=\dimen307
\NC@list=\toks47
\extratabsurround=\skip80
\backup@length=\skip81
\ar@cellbox=\box88
)
(/usr/local/texlive/2026/texmf-dist/tex/latex/tools/tabularx.sty
Package: tabularx 2023/12/11 v2.12a `tabularx' package (DPC)
\TX@col@width=\dimen308
\TX@old@table=\dimen309
\TX@old@col=\dimen310
\TX@target=\dimen311
\TX@delta=\dimen312
\TX@cols=\count372
\TX@ftn=\toks48
)
(/usr/local/texlive/2026/texmf-dist/tex/latex/adjustbox/adjustbox.sty
Package: adjustbox 2025/02/26 v1.3c Adjusting TeX boxes (trim, clip, ...)

(/usr/local/texlive/2026/texmf-dist/tex/latex/xkeyval/xkeyval.sty
Package: xkeyval 2025/11/04 v2.10 package option processing (HA)

(/usr/local/texlive/2026/texmf-dist/tex/generic/xkeyval/xkeyval.tex
(/usr/local/texlive/2026/texmf-dist/tex/generic/xkeyval/xkvutils.tex
\XKV@toks=\toks49
\XKV@tempa@toks=\toks50
\XKV@tempb@toks=\toks51
)
\XKV@depth=\count373
File: xkeyval.tex 2014/12/03 v2.7a key=value parser (HA)
))
(/usr/local/texlive/2026/texmf-dist/tex/latex/adjustbox/adjcalc.sty
Package: adjcalc 2012/05/16 v1.1 Provides advanced setlength with multiple back
-ends (calc, etex, pgfmath)
)
(/usr/local/texlive/2026/texmf-dist/tex/latex/adjustbox/trimclip.sty
Package: trimclip 2025/02/21 v1.2a Trim and clip general TeX material

(/usr/local/texlive/2026/texmf-dist/tex/latex/collectbox/collectbox.sty
Package: collectbox 2022/10/17 v0.4c Collect macro arguments as boxes
\collectedbox=\box89
)
\tc@llx=\dimen313
\tc@lly=\dimen314
\tc@urx=\dimen315
\tc@ury=\dimen316
Package trimclip Info: Using driver 'tc-pdftex.def'.

(/usr/local/texlive/2026/texmf-dist/tex/latex/adjustbox/tc-pdftex.def
File: tc-pdftex.def 2025/02/26 v2.3 Clipping driver for pdftex
))
\adjbox@Width=\dimen317
\adjbox@Height=\dimen318
\adjbox@Depth=\dimen319
\adjbox@Totalheight=\dimen320
\adjbox@pwidth=\dimen321
\adjbox@pheight=\dimen322
\adjbox@pdepth=\dimen323
\adjbox@ptotalheight=\dimen324

(/usr/local/texlive/2026/texmf-dist/tex/latex/ifoddpage/ifoddpage.sty
Package: ifoddpage 2022/10/18 v1.2 Conditionals for odd/even page detection
\c@checkoddpage=\count374
)
(/usr/local/texlive/2026/texmf-dist/tex/latex/varwidth/varwidth.sty
Package: varwidth 2009/03/30 ver 0.92;  Variable-width minipages
\@vwid@box=\box90
\sift@deathcycles=\count375
\@vwid@loff=\dimen325
\@vwid@roff=\dimen326
)
==> First Aid for varwidth.sty applied!
) (/usr/local/texlive/2026/texmf-dist/tex/latex/microtype/microtype.sty
Package: microtype 2026/03/01 v3.2d Micro-typographical refinements (RS)
\MT@toks=\toks52
\MT@tempbox=\box91
\MT@count=\count376
LaTeX Info: Redefining \noprotrusionifhmode on input line 1084.
LaTeX Info: Redefining \leftprotrusion on input line 1085.
\MT@prot@toks=\toks53
LaTeX Info: Redefining \rightprotrusion on input line 1104.
LaTeX Info: Redefining \textls on input line 1449.
\MT@outer@kern=\dimen327
LaTeX Info: Redefining \microtypecontext on input line 2053.
LaTeX Info: Redefining \textmicrotypecontext on input line 2070.
\MT@listname@count=\count377

(/usr/local/texlive/2026/texmf-dist/tex/latex/microtype/microtype-pdftex.def
File: microtype-pdftex.def 2026/03/01 v3.2d Definitions specific to pdftex (RS)

LaTeX Info: Redefining \lsstyle on input line 944.
LaTeX Info: Redefining \lslig on input line 944.
\MT@outer@space=\skip82
)
Package microtype Info: Loading configuration file microtype.cfg.

(/usr/local/texlive/2026/texmf-dist/tex/latex/microtype/microtype.cfg
File: microtype.cfg 2026/03/01 v3.2d microtype main configuration file (RS)
)
LaTeX Info: Redefining \microtypesetup on input line 3065.
)
(/usr/local/texlive/2026/texmf-dist/tex/latex/caption/subcaption.sty
Package: subcaption 2023/07/28 v1.6b Sub-captions (AR)

(/usr/local/texlive/2026/texmf-dist/tex/latex/caption/caption.sty
Package: caption 2023/08/05 v3.6o Customizing captions (AR)

Package tocbasic Info: Loading of class-dependent code for package caption3
(tocbasic)             prevented on line 50.


(/usr/local/texlive/2026/texmf-dist/tex/latex/caption/caption3.sty
Package: caption3 2023/07/31 v2.4d caption3 kernel (AR)
\caption@tempdima=\dimen328
\captionmargin=\dimen329
\caption@leftmargin=\dimen330
\caption@rightmargin=\dimen331
\caption@width=\dimen332
\caption@indent=\dimen333
\caption@parindent=\dimen334
\caption@hangindent=\dimen335
)
\c@caption@flags=\count378
\c@continuedfloat=\count379
Package caption Info: float package is loaded.
Package caption Info: hyperref package is loaded.
Package caption Info: longtable package is loaded.

(/usr/local/texlive/2026/texmf-dist/tex/latex/caption/ltcaption.sty
Package: ltcaption 2021/01/08 v1.4c longtable captions (AR)
)
Package caption Info: rotating package is loaded.
Package caption Info: wrapfig package is loaded.
)
Package caption Info: New subtype `subfigure' on input line 238.
\c@subfigure=\count380
Package caption Info: New subtype `subtable' on input line 238.
\c@subtable=\count381
)
(./classicthesis.sty
Package: classicthesis 2015/09/06 v4.2 Typographic style for a classic-looking 
thesis

(/usr/local/texlive/2026/texmf-dist/tex/generic/iftex/ifpdf.sty
Package: ifpdf 2019/10/25 v3.4 ifpdf legacy package. Use iftex instead.
)
(/usr/local/texlive/2026/texmf-dist/tex/generic/iftex/ifxetex.sty
Package: ifxetex 2019/10/25 v0.7 ifxetex legacy package. Use iftex instead.
)
(/usr/local/texlive/2026/texmf-dist/tex/latex/psnfss/mathpazo.sty
Package: mathpazo 2020/03/25 PSNFSS-v9.3 Palatino w/ Pazo Math (D.Puga, WaS) 
\symupright=\mathgroup6
)
(/usr/local/texlive/2026/texmf-dist/tex/latex/bera/beramono.sty
Package: beramono 2004/01/31 (WaS)
)
Package classicthesis Info: A5 paper, Palatino or other on input line 279.
Package typearea Info: These are the values describing the layout:
(typearea)             DIV  = areaset
(typearea)             BCOR = 14.22636pt
(typearea)             \paperwidth      = 597.50793pt
(typearea)              \textwidth      = 288.0pt
(typearea)              \evensidemargin = 89.59715pt
(typearea)              \oddsidemargin  = 89.59715pt
(typearea)             \paperheight     = 845.04694pt
(typearea)              \textheight     = 465.5pt
(typearea)              \topmargin      = 24.41232pt
(typearea)              \headheight     = 17.0pt
(typearea)              \headsep        = 21.75pt
(typearea)              \topskip        = 12.0pt
(typearea)              \footskip       = 50.75pt
(typearea)              \baselineskip   = 14.5pt
(typearea)              on input line 279.

(/usr/local/texlive/2026/texmf-dist/tex/latex/textcase/textcase.sty
Package: textcase 2025/02/16 v1.05 Text only upper/lower case changing (DPC)
Package textcase Info: Defining Legacy names on input line 20.
)
Package classicthesis Info: Using pdftex/microtype for character spacing.Make s
ure your pdftex is version 1.40 or higher. on input line 352.

(/usr/local/texlive/2026/texmf-dist/tex/latex/koma-script/scrlayer-scrpage.sty
Package: scrlayer-scrpage 2026/02/02 v3.49.2 KOMA-Script package (end user inte
rface for scrlayer)

(/usr/local/texlive/2026/texmf-dist/tex/latex/koma-script/scrlayer.sty
Package: scrlayer 2026/02/02 v3.49.2 KOMA-Script package (defining layers and p
age styles)
Package scrlayer Info: patching LaTeX kernel macro \pagestyle on input line 217
9.
)
Package scrlayer-scrpage Info: Makeing stand-alone element `pagehead' from
(scrlayer-scrpage)             alias to `pageheadfoot' on input line 1106.
)

Package scrlayer-scrpage Warning: replacing deprecated \clearscrheading by
(scrlayer-scrpage)                \clearmainofpairofpagestyles on input line 36
1.


Class scrreprt Warning: Usage of package `titlesec' together
(scrreprt)              with a KOMA-Script class is not recommended.
(scrreprt)              I'd suggest to use KOMA-Script features
(scrreprt)              like \setkomafont, \RedeclareSectionCommand, \sectionli
nesformat
(scrreprt)              and several others to re-configure section
(scrreprt)              headings.
(scrreprt)              Nevertheless, using requested
(scrreprt)              package `titlesec' on input line 385.

(/usr/local/texlive/2026/texmf-dist/tex/latex/titlesec/titlesec.sty
Package: titlesec 2025/01/04 v2.17 Sectioning titles
\ttl@box=\box92
\beforetitleunit=\skip83
\aftertitleunit=\skip84
\ttl@plus=\dimen336
\ttl@minus=\dimen337
\ttl@toksa=\toks54
\titlewidth=\dimen338
\titlewidthlast=\dimen339
\titlewidthfirst=\dimen340


Package titlesec Warning: Non standard sectioning command \section
(titlesec)                detected. Using default spacing and no format.


Package titlesec Warning: Non standard sectioning command \subsection
(titlesec)                detected. Using default spacing and no format.


Package titlesec Warning: Non standard sectioning command \subsubsection
(titlesec)                detected. Using default spacing and no format.


Package titlesec Warning: Non standard sectioning command \paragraph
(titlesec)                detected. Using default spacing and no format.


Package titlesec Warning: Non standard sectioning command \subparagraph
(titlesec)                detected. Using default spacing and no format.

)

Class scrreprt Warning: Usage of package `tocloft' together
(scrreprt)              with a KOMA-Script class is not recommended.
(scrreprt)              I'd suggest to use options like `listof=entryprefix',
(scrreprt)              commands like `\listoflofentryname' or
(scrreprt)              `\listoflotentryname', and `\DeclareTOCStyleEntry' or
(scrreprt)              `\RedeclareSectionCommand' instead of this package,
(scrreprt)              because it breaks several KOMA-Script features of
(scrreprt)              the list of figures, list of tables and table of
(scrreprt)              contents, i.e., options like `listof=numbered',
(scrreprt)              `listof=flat or `toc=flat', commands like
(scrreprt)              `\BeforeTOCHead{...}' and `\AfterTOCHead{...}',
(scrreprt)              `\BeforeStartingTOC{...}' and \AfterStartingTOC{...}',
(scrreprt)              all features of `\DeclareTOCStyleEntry',
(scrreprt)              and the ToC entry features of `\DeclareSecionCommand'
(scrreprt)              and `\RedeclareSectionCommand' of levels
(scrreprt)              `part', `section', `subsection',
(scrreprt)              `subsubsection', `paragraph' and `subparagraph'.
(scrreprt)              Nevertheless, using requested
(scrreprt)              package `tocloft' on input line 434.

(/usr/local/texlive/2026/texmf-dist/tex/latex/tocloft/tocloft.sty
Package: tocloft 2017/08/31 v2.3i parameterised ToC, etc., typesetting
Package tocloft Info: The document has chapter divisions on input line 51.
\cftparskip=\skip85
\cftbeforetoctitleskip=\skip86
\cftaftertoctitleskip=\skip87
\cftbeforepartskip=\skip88
\cftpartnumwidth=\skip89
\cftpartindent=\skip90
\cftbeforechapskip=\skip91
\cftchapindent=\skip92
\cftchapnumwidth=\skip93
\cftbeforesecskip=\skip94
\cftsecindent=\skip95
\cftsecnumwidth=\skip96
\cftbeforesubsecskip=\skip97
\cftsubsecindent=\skip98
\cftsubsecnumwidth=\skip99
\cftbeforesubsubsecskip=\skip100
\cftsubsubsecindent=\skip101
\cftsubsubsecnumwidth=\skip102
\cftbeforeparaskip=\skip103
\cftparaindent=\skip104
\cftparanumwidth=\skip105
\cftbeforesubparaskip=\skip106
\cftsubparaindent=\skip107
\cftsubparanumwidth=\skip108
\cftbeforeloftitleskip=\skip109
\cftafterloftitleskip=\skip110
\cftbeforefigskip=\skip111
\cftfigindent=\skip112
\cftfignumwidth=\skip113
\c@lofdepth=\count382
\c@lotdepth=\count383
\cftbeforelottitleskip=\skip114
\cftafterlottitleskip=\skip115
\cftbeforetabskip=\skip116
\cfttabindent=\skip117
\cfttabnumwidth=\skip118
)
\newnumberwidth=\skip119
\beforebibskip=\skip120
\newchnumberwidth=\skip121
\figurelabelwidth=\skip122
\tablelabelwidth=\skip123
Class scrreprt Info: Using old \@makefntext due to compatibility level
(scrreprt)           less than 3.22 on input line 681.

Using KOMA-command "deffootnote" for footnote setup
(/usr/local/texlive/2026/texmf-dist/tex/latex/koma-script/scrtime.sty
Package: scrtime 2026/02/02 v3.49.2 KOMA-Script package (time of LaTeX run)
)
(/usr/local/texlive/2026/texmf-dist/tex/latex/carlisle/remreset.sty

Package remreset Warning: The remreset package is obsolete:
(remreset)                \@removefromreset is defined.

)) (/usr/local/texlive/2026/texmf-dist/tex/latex/enumitem/enumitem.sty
Package: enumitem 2025/02/06 v3.11 Customized lists
\labelindent=\skip124
\enit@outerparindent=\dimen341
\enit@toks=\toks55
\enit@inbox=\box93
\enit@count@id=\count384
\enitdp@description=\count385
)
(/usr/local/texlive/2026/texmf-dist/tex/latex/geometry/geometry.sty
Package: geometry 2026/03/07 v6.0 Page Geometry

(/usr/local/texlive/2026/texmf-dist/tex/generic/iftex/ifvtex.sty
Package: ifvtex 2019/10/25 v1.7 ifvtex legacy package. Use iftex instead.
)
\Gm@cnth=\count386
\Gm@cntv=\count387
\c@Gm@tempcnt=\count388
\Gm@bindingoffset=\dimen342
\Gm@wd@mp=\dimen343
\Gm@odd@mp=\dimen344
\Gm@even@mp=\dimen345
\Gm@layoutwidth=\dimen346
\Gm@layoutheight=\dimen347
\Gm@layouthoffset=\dimen348
\Gm@layoutvoffset=\dimen349
\Gm@dimlist=\toks56
)

Class scrreprt Warning: Usage of package `parskip' together
(scrreprt)              with a KOMA-Script class is not recommended.
(scrreprt)              I'd suggest to use option
(scrreprt)              `parskip' with one of it's several values.
(scrreprt)              Nevertheless, using requested
(scrreprt)              package `parskip' on input line 53.

(/usr/local/texlive/2026/texmf-dist/tex/latex/parskip/parskip.sty
Package: parskip 2021-03-14 v2.0h non-zero parskip adjustments
)
(./variables.sty
Package: variables 2026/05/10 Re-usable thesis information
) (./macros.tex
(/usr/local/texlive/2026/texmf-dist/tex/latex/amscls/amsthm.sty
Package: amsthm 2020/05/29 v2.20.6
\thm@style=\toks57
\thm@bodyfont=\toks58
\thm@headfont=\toks59
\thm@notefont=\toks60
\thm@headpunct=\toks61
\thm@preskip=\skip125
\thm@postskip=\skip126
\thm@headsep=\skip127
\dth@everypar=\toks62
)
(/usr/local/texlive/2026/texmf-dist/tex/latex/xpatch/xpatch.sty
(/usr/local/texlive/2026/texmf-dist/tex/latex/l3kernel/expl3.sty
Package: expl3 2026-04-28 L3 programming layer (loader) 

(/usr/local/texlive/2026/texmf-dist/tex/latex/l3backend/l3backend-pdftex.def
File: l3backend-pdftex.def 2026-02-18 L3 backend support: PDF output (pdfTeX)
\l__color_backend_stack_int=\count389
))
Package: xpatch 2020/03/25 v0.3a Extending etoolbox patching commands

(/usr/local/texlive/2026/texmf-dist/tex/latex/l3packages/xparse/xparse.sty
Package: xparse 2025-10-09 L3 Experimental document command parser
))
Class scrreprt Info: amsthm's \deferred@thm@head patched.

(/usr/local/texlive/2026/texmf-dist/tex/latex/tikz-cd/tikz-cd.sty
Package: tikz-cd 2021/05/04 v1.0 Commutative diagrams with TikZ

(/usr/local/texlive/2026/texmf-dist/tex/generic/tikz-cd/tikzlibrarycd.code.tex
(/usr/local/texlive/2026/texmf-dist/tex/generic/pgf/frontendlayer/tikz/librarie
s/tikzlibrarymatrix.code.tex
File: tikzlibrarymatrix.code.tex 2025-08-29 v3.1.11a (3.1.11a)
)
(/usr/local/texlive/2026/texmf-dist/tex/generic/pgf/frontendlayer/tikz/librarie
s/tikzlibraryquotes.code.tex
File: tikzlibraryquotes.code.tex 2025-08-29 v3.1.11a (3.1.11a)
)))
(/usr/local/texlive/2026/texmf-dist/tex/generic/pgf/frontendlayer/tikz/librarie
s/tikzlibraryshapes.code.tex
File: tikzlibraryshapes.code.tex 2025-08-29 v3.1.11a (3.1.11a)

(/usr/local/texlive/2026/texmf-dist/tex/generic/pgf/frontendlayer/tikz/librarie
s/tikzlibraryshapes.misc.code.tex
File: tikzlibraryshapes.misc.code.tex 2025-08-29 v3.1.11a (3.1.11a)

(/usr/local/texlive/2026/texmf-dist/tex/generic/pgf/libraries/shapes/pgflibrary
shapes.misc.code.tex
File: pgflibraryshapes.misc.code.tex 2025-08-29 v3.1.11a (3.1.11a)
))
(/usr/local/texlive/2026/texmf-dist/tex/generic/pgf/frontendlayer/tikz/librarie
s/tikzlibraryshapes.symbols.code.tex
File: tikzlibraryshapes.symbols.code.tex 2025-08-29 v3.1.11a (3.1.11a)

(/usr/local/texlive/2026/texmf-dist/tex/generic/pgf/libraries/shapes/pgflibrary
shapes.symbols.code.tex
File: pgflibraryshapes.symbols.code.tex 2025-08-29 v3.1.11a (3.1.11a)
))
(/usr/local/texlive/2026/texmf-dist/tex/generic/pgf/frontendlayer/tikz/librarie
s/tikzlibraryshapes.arrows.code.tex
File: tikzlibraryshapes.arrows.code.tex 2025-08-29 v3.1.11a (3.1.11a)

(/usr/local/texlive/2026/texmf-dist/tex/generic/pgf/libraries/shapes/pgflibrary
shapes.arrows.code.tex
File: pgflibraryshapes.arrows.code.tex 2025-08-29 v3.1.11a (3.1.11a)
))
(/usr/local/texlive/2026/texmf-dist/tex/generic/pgf/frontendlayer/tikz/librarie
s/tikzlibraryshapes.callouts.code.tex
(/usr/local/texlive/2026/texmf-dist/tex/generic/pgf/libraries/shapes/pgflibrary
shapes.callouts.code.tex))
(/usr/local/texlive/2026/texmf-dist/tex/generic/pgf/frontendlayer/tikz/librarie
s/tikzlibraryshapes.multipart.code.tex
File: tikzlibraryshapes.multipart.code.tex 2025-08-29 v3.1.11a (3.1.11a)

(/usr/local/texlive/2026/texmf-dist/tex/generic/pgf/libraries/shapes/pgflibrary
shapes.multipart.code.tex
File: pgflibraryshapes.multipart.code.tex 2025-08-29 v3.1.11a (3.1.11a)
\pgfnodepartlowerbox=\box94
\pgfnodeparttwobox=\box95
\pgfnodepartthreebox=\box96
\pgfnodepartfourbox=\box97
\pgfnodeparttwentybox=\box98
\pgfnodepartnineteenbox=\box99
\pgfnodeparteighteenbox=\box100
\pgfnodepartseventeenbox=\box101
\pgfnodepartsixteenbox=\box102
\pgfnodepartfifteenbox=\box103
\pgfnodepartfourteenbox=\box104
\pgfnodepartthirteenbox=\box105
\pgfnodeparttwelvebox=\box106
\pgfnodepartelevenbox=\box107
\pgfnodeparttenbox=\box108
\pgfnodepartninebox=\box109
\pgfnodeparteightbox=\box110
\pgfnodepartsevenbox=\box111
\pgfnodepartsixbox=\box112
\pgfnodepartfivebox=\box113
)))
(/usr/local/texlive/2026/texmf-dist/tex/latex/bussproofs/bussproofs.sty
Proof Tree (bussproofs) style macros. Version 1.1.
\theLevel=\count390
\myMaxLevel=\count391
\myBoxA=\box114
\myBoxB=\box115
\myBoxC=\box116
\myBoxD=\box117
\myBoxLL=\box118
\myBoxRL=\box119
\thisAboveSkip=\dimen350
\thisBelowSkip=\dimen351
\newScoreStart=\dimen352
\newScoreEnd=\dimen353
\newCenter=\dimen354
\displace=\dimen355
\leftLowerAmt=\dimen356
\rightLowerAmt=\dimen357
\scoreHeight=\dimen358
\scoreDepth=\dimen359
\htLbox=\dimen360
\htRbox=\dimen361
\htRRbox=\dimen362
\htRRRbox=\dimen363
\htAbox=\dimen364
\htCbox=\dimen365
) (/usr/local/texlive/2026/texmf-dist/tex/latex/mathtools/mathtools.sty
Package: mathtools 2024/10/04 v1.31 mathematical typesetting tools

(/usr/local/texlive/2026/texmf-dist/tex/latex/tools/calc.sty
Package: calc 2025/03/01 v4.3b Infix arithmetic (KKT,FJ)
\calc@Acount=\count392
\calc@Bcount=\count393
\calc@Adimen=\dimen366
\calc@Bdimen=\dimen367
\calc@Askip=\skip128
\calc@Bskip=\skip129
LaTeX Info: Redefining \setlength on input line 86.
LaTeX Info: Redefining \addtolength on input line 87.
\calc@Ccount=\count394
\calc@Cskip=\skip130
)
(/usr/local/texlive/2026/texmf-dist/tex/latex/mathtools/mhsetup.sty
Package: mhsetup 2021/03/18 v1.4 programming setup (MH)
)
\g_MT_multlinerow_int=\count395
\l_MT_multwidth_dim=\dimen368
\origjot=\skip131
\l_MT_shortvdotswithinadjustabove_dim=\dimen369
\l_MT_shortvdotswithinadjustbelow_dim=\dimen370
\l_MT_above_intertext_sep=\dimen371
\l_MT_below_intertext_sep=\dimen372
\l_MT_above_shortintertext_sep=\dimen373
\l_MT_below_shortintertext_sep=\dimen374
\xmathstrut@box=\box120
\xmathstrut@dim=\dimen375
)
(/usr/local/texlive/2026/texmf-dist/tex/latex/scalerel/scalerel.sty
Package: scalerel 2016/12/29 v1.8 Routines for constrained scaling and stretchi
ng of objects, relative to a reference object or in absolute terms
\thesrwidth=\skip132
\thesrheight=\skip133
\srblobheight=\skip134
\srblobdepth=\skip135
\mnxsrwidth=\skip136
\LMex=\skip137
\LMpt=\skip138
)
(/usr/local/texlive/2026/texmf-dist/tex/latex/stmaryrd/stmaryrd.sty
Package: stmaryrd 1994/03/03 St Mary's Road symbol package
\symstmry=\mathgroup7
LaTeX Font Info:    Overwriting symbol font `stmry' in version `bold'
(Font)                  U/stmry/m/n --> U/stmry/b/n on input line 89.
)
\c@theorem=\count396
\c@proposition=\count397
\c@lemma=\count398
\c@corollary=\count399
\c@definition=\count400
\c@proofs=\count401
\c@remark=\count402
\c@exampleth=\count403
)
(./classicthesis-config.tex
\c@dummy=\count404
\abcd=\skip139

(/usr/local/texlive/2026/texmf-dist/tex/generic/babel/babel.sty
Package: babel 2026/05/03 v26.7 The multilingual framework for LuaLaTeX, pdfLaT
eX and XeLaTeX
\babel@savecnt=\count405
LaTeX Encoding Info:    Redeclaring text command \ij (encoding OT1) on input li
ne 2080.
LaTeX Encoding Info:    Redeclaring text command \IJ (encoding OT1) on input li
ne 2082.
LaTeX Encoding Info:    Redeclaring text command \ij (encoding T1) on input lin
e 2084.
LaTeX Encoding Info:    Redeclaring text command \IJ (encoding T1) on input lin
e 2085.
LaTeX Encoding Info:    Ignoring declaration for text command \ij (encoding ?) 
on input line 2086.
LaTeX Encoding Info:    Ignoring declaration for text command \IJ (encoding ?) 
on input line 2088.
LaTeX Encoding Info:    Ignoring declaration for text command \SS (encoding ?) 
on input line 2113.
\U@D=\dimen376
\l@unhyphenated=\language91

(/usr/local/texlive/2026/texmf-dist/tex/generic/babel/txtbabel.def)
\bbl@readstream=\read4
\bbl@dirlevel=\count406

(/usr/local/texlive/2026/texmf-dist/tex/generic/babel/locale/es/babel-spanish.t
ex)
Package babel Info: Importing font and identification data for spanish
(babel)             from babel-es.ini. Reported on input line 4348.
 (/usr/local/texlive/2026/texmf-dist/tex/generic/babel-spanish/spanish.ldf
Language: spanish.ldf 2021/05/27 v5.0q Spanish support from the babel system
\es@quottoks=\toks63
\es@quotdepth=\count407
Package babel Info: Making " an active character on input line 570.
Package babel Info: Making . an active character on input line 675.
Package babel Info: Making < an active character on input line 722.
Package babel Info: Making > an active character on input line 722.
))
LaTeX Encoding Info:    Redeclaring text command \guillemotleft (encoding OT1) 
on input line 79.
LaTeX Encoding Info:    Redeclaring text command \guillemotright (encoding OT1)
 on input line 79.
(/usr/local/texlive/2026/texmf-dist/tex/latex/base/fontenc.sty
Package: fontenc 2025/07/18 v2.1d Standard LaTeX package
LaTeX Font Info:    Trying to load font information for T1+pplj on input line 1
16.

(/usr/local/texlive/2026/texmf-dist/tex/latex/psnfss/t1pplj.fd
File: t1pplj.fd 2004/09/06 font definitions for T1/pplj.
))
(/usr/local/texlive/2026/texmf-dist/tex/latex/scrhack/scrhack.sty
Package: scrhack 2024-09-04 v3.42 scrhack emulation package

(/usr/local/texlive/2026/texmf-dist/tex/latex/floatbytocbasic/floatbytocbasic.s
ty
Package: floatbytocbasic 2023-08-16 v1.0 improved float package using tocbasic
)) (/usr/local/texlive/2026/texmf-dist/tex/latex/tools/xspace.sty
Package: xspace 2014/10/28 v1.13 Space after command names (DPC,MH)
)
(/usr/local/texlive/2026/texmf-dist/tex/latex/mparhack/mparhack.sty
Package: mparhack 2021-05-02 v1.5 (T. Sgouros and S. Ulrich)
)
(/usr/local/texlive/2026/texmf-dist/tex/latex/acronym/acronym.sty
Package: acronym 2025/01/17 v1.50 Support for acronyms (Tobias Oetiker)

(/usr/local/texlive/2026/texmf-dist/tex/latex/bigfoot/suffix.sty
Package: suffix 2006/07/15 1.5a Variant command support
)
(/usr/local/texlive/2026/texmf-dist/tex/generic/xstring/xstring.sty
(/usr/local/texlive/2026/texmf-dist/tex/generic/xstring/xstring.tex
\xs_counta=\count408
\xs_countb=\count409
)
Package: xstring 2023/08/22 v1.86 String manipulations (CT)
)
(/usr/local/texlive/2026/texmf-dist/tex/latex/relsize/relsize.sty
Package: relsize 2013/03/29 ver 4.1
)
\AC@clearlist=\toks64
)
Package hyperref Info: Option `colorlinks' set `true' on input line 176.
Package hyperref Info: Option `linktocpage' set `true' on input line 176.
Package hyperref Info: Option `breaklinks' set `true' on input line 176.
Package hyperref Info: Option `pageanchor' set `true' on input line 176.
Package hyperref Info: Option `plainpages' set `false' on input line 176.
Package hyperref Info: Option `bookmarksnumbered' set `true' on input line 176.

Package hyperref Info: Option `bookmarksopen' set `true' on input line 176.
Package hyperref Info: Option `hypertexnames' set `true' on input line 176.
)
(./doc_diagrams.tex)
(/usr/local/texlive/2026/texmf-dist/tex/latex/titling/titling.sty
Package: titling 2009/09/04 v2.1d maketitle typesetting
\thanksmarkwidth=\skip140
\thanksmargin=\skip141
\droptitle=\skip142
)
(./titlepage.tex
(/usr/local/texlive/2026/texmf-dist/tex/latex/datetime/datetime.sty
Package: datetime 2015/03/20 v2.60 Date Time Package

(/usr/local/texlive/2026/texmf-dist/tex/latex/fmtcount/fmtcount.sty
Package: fmtcount 2025/12/02 v3.12 Displaying the values of LaTeX counters (NT,
VB,NE)

(/usr/local/texlive/2026/texmf-dist/tex/latex/fmtcount/fcprefix.sty
Package: fcprefix 2012/09/28

(/usr/local/texlive/2026/texmf-dist/tex/latex/fmtcount/fcnumparser.sty
Package: fcnumparser 2017/06/15
\fc@digit@counter=\count410
))
\c@padzeroesN=\count411
\fc@tmpcatcode=\count412
\@DT@modctr=\count413
\@ordinalctr=\count414
\@orgargctr=\count415
\@strctr=\count416
\@tmpstrctr=\count417
\@DT@loopN=\count418
\@DT@X=\count419
)
(/usr/local/texlive/2026/texmf-dist/tex/latex/datetime/datetime-defaults.sty
Package: datetime-defaults 2013/09/10
)
\@day=\count420
\@month=\count421
\@year=\count422
\c@HOUR=\count423
\c@HOURXII=\count424
\c@MINUTE=\count425
\c@TOHOUR=\count426
\c@TOMINUTE=\count427
\c@SECOND=\count428
\currenthour=\count429
\currentminute=\count430
\currentsecond=\count431
Package datetime Info: No datetime.cfg file found, using default settings on in
put line 308.
\@dtctr=\count432
\dayofyear=\count433
\dayofweek=\count434
LaTeX Info: Redefining \today on input line 736.

(/usr/local/texlive/2026/texmf-dist/tex/latex/datetime/dt-spanish.def
File: dt-spanish.def 2013/09/10
LaTeX Info: Redefining \datespanish on input line 85.
)
\dt@a=\toks65
\dt@b=\toks66
))
(/usr/local/texlive/2026/texmf-dist/tex/latex/wallpaper/wallpaper.sty
Package: wallpaper 2005/01/18, v1.01 easy wallpaper formatting (MHFW)

(/usr/local/texlive/2026/texmf-dist/tex/latex/eso-pic/eso-pic.sty
Package: eso-pic 2025/12/10 v3.0d eso-pic (RN)
\ESO@tempdima=\dimen377
\ESO@tempdimb=\dimen378
)
\wpXoffset=\skip143
\wpYoffset=\skip144
\tileXoffset=\skip145
\tileYoffset=\skip146
\tilewidth=\skip147
\tileheight=\skip148
\tileX=\skip149
\tileY=\skip150
)
Class scrreprt Info: loading recommended package `bookmark'.
(scrreprt)           Using `bookmark' together with `hyperref' is recommended,
(scrreprt)           because of handling of possible bookmark level gaps.
(scrreprt)           You can avoid loading `bookmark' with KOMA-Script option
(scrreprt)           `bookmarkpackage=false' before \begin{document} and
(scrreprt)           you can avoid this message adding:
(scrreprt)             \usepackage{bookmark}
(scrreprt)           before \begin{document} on input line 91.
Class scrreprt Info: temporary deactivation of babel-spanish quoting  on input 
line 91.

(/usr/local/texlive/2026/texmf-dist/tex/latex/bookmark/bookmark.sty
Package: bookmark 2023-12-10 v1.31 PDF bookmarks (HO)

(/usr/local/texlive/2026/texmf-dist/tex/latex/bookmark/bkm-pdftex.def
File: bkm-pdftex.def 2023-12-10 v1.31 bookmark driver for pdfTeX and luaTeX (HO
)
\BKM@id=\count435
))
Class scrreprt Info: reactivation of babel-spanish quoting  on input line 91.

(./main.aux
LaTeX Info: Redefining \. on input line 19.
LaTeX Info: Redefining \% on input line 19.
Package babel Info: 'spanish' activates 'spanish' shorthands.
(babel)             Reported on input line 19.


LaTeX Warning: Label `eq:shap-additive' multiply defined.

)
\openout1 = `main.aux'.

LaTeX Font Info:    Checking defaults for OML/cmm/m/it on input line 91.
LaTeX Font Info:    ... okay on input line 91.
LaTeX Font Info:    Checking defaults for OMS/cmsy/m/n on input line 91.
LaTeX Font Info:    ... okay on input line 91.
LaTeX Font Info:    Checking defaults for OT1/cmr/m/n on input line 91.
LaTeX Font Info:    ... okay on input line 91.
LaTeX Font Info:    Checking defaults for T1/cmr/m/n on input line 91.
LaTeX Font Info:    ... okay on input line 91.
LaTeX Font Info:    Checking defaults for TS1/cmr/m/n on input line 91.
LaTeX Font Info:    ... okay on input line 91.
LaTeX Font Info:    Checking defaults for OMX/cmex/m/n on input line 91.
LaTeX Font Info:    ... okay on input line 91.
LaTeX Font Info:    Checking defaults for U/cmr/m/n on input line 91.
LaTeX Font Info:    ... okay on input line 91.
LaTeX Font Info:    Checking defaults for PD1/pdf/m/n on input line 91.
LaTeX Font Info:    ... okay on input line 91.
LaTeX Font Info:    Checking defaults for PU/pdf/m/n on input line 91.
LaTeX Font Info:    ... okay on input line 91.
 (/usr/local/texlive/2026/texmf-dist/tex/context/base/mkii/supp-pdf.mkii
[Loading MPS to PDF converter (version 2006.09.02).]
\scratchcounter=\count436
\scratchdimen=\dimen379
\scratchbox=\box121
\nofMPsegments=\count437
\nofMParguments=\count438
\everyMPshowfont=\toks67
\MPscratchCnt=\count439
\MPscratchDim=\dimen380
\MPnumerator=\count440
\makeMPintoPDFobject=\count441
\everyMPtoPDFconversion=\toks68
) (/usr/local/texlive/2026/texmf-dist/tex/latex/epstopdf-pkg/epstopdf-base.sty
Package: epstopdf-base 2020-01-24 v2.11 Base part for package epstopdf
Package epstopdf-base Info: Redefining graphics rule for `.eps' on input line 4
85.

(/usr/local/texlive/2026/texmf-dist/tex/latex/latexconfig/epstopdf-sys.cfg
File: epstopdf-sys.cfg 2010/07/13 v1.3 Configuration of (r)epstopdf for TeX Liv
e
))
Package hyperref Info: Link coloring ON on input line 91.
Package microtype Info: Patching varwidth to enable character protrusion.
\MT@vwid@leftmargin=\dimen381
\MT@vwid@rightmargin=\dimen382
LaTeX Info: Redefining \microtypecontext on input line 91.


Package microtype Warning: Unable to apply patch `item' on input line 91.

Package microtype Info: Applying patch `toc' on input line 91.
Package microtype Info: Applying patch `eqnum' on input line 91.
Package microtype Info: Applying patch `footnote' on input line 91.
Package microtype Info: Applying patch `verbatim' on input line 91.
LaTeX Info: Redefining \microtypesetup on input line 91.
Package microtype Info: Generating PDF output.
Package microtype Info: Character protrusion enabled (level 2).
Package microtype Info: Using default protrusion set `alltext'.
Package microtype Info: No font expansion.
Package microtype Info: No adjustment of tracking.
Package microtype Info: No adjustment of interword spacing.
Package microtype Info: No adjustment of character kerning.
(/usr/local/texlive/2026/texmf-dist/tex/latex/microtype/mt-ppl.cfg
File: mt-ppl.cfg 2005/11/16 v1.6 microtype config. file: Palatino (RS)
)
Package caption Info: Begin \AtBeginDocument code.
Package caption Info: End \AtBeginDocument code.

*geometry* driver: auto-detecting
*geometry* detected driver: pdftex
*geometry* verbose mode - [ preamble ] result:
* driver: pdftex
* paper: <default>
* layout: <same size as paper>
* layoutoffset:(h,v)=(0.0pt,0.0pt)
* modes: 
* h-part:(L,W,R)=(72.26999pt, 452.96796pt, 72.26999pt)
* v-part:(T,H,B)=(72.26999pt, 664.37195pt, 108.405pt)
* \paperwidth=597.50793pt
* \paperheight=845.04694pt
* \textwidth=452.96796pt
* \textheight=664.37195pt
* \oddsidemargin=0.0pt
* \evensidemargin=0.0pt
* \topmargin=-38.75pt
* \headheight=17.0pt
* \headsep=21.75pt
* \topskip=12.0pt
* \footskip=50.75pt
* \marginparwidth=46.98853pt
* \marginparsep=14.68391pt
* \columnsep=10.0pt
* \skip\footins=10.8pt plus 4.0pt minus 2.0pt
* \hoffset=0.0pt
* \voffset=0.0pt
* \mag=1000
* \@twocolumnfalse
* \@twosidefalse
* \@mparswitchfalse
* \@reversemarginfalse
* (1in=72.27pt=25.4mm, 1cm=28.453pt)

Couldn't patch \ttl@straight@ii
Couldn't patch \ttl@straight@ii
Couldn't patch \deferred@thm@head!
LaTeX Info: Redefining \. on input line 91.
LaTeX Info: Redefining \% on input line 91.
LaTeX Font Info:    Trying to load font information for OT1+pplx on input line 
94.
(/usr/local/texlive/2026/texmf-dist/tex/latex/psnfss/ot1pplx.fd
File: ot1pplx.fd 2004/09/06 font definitions for OT1/pplx.
)
LaTeX Font Info:    Trying to load font information for OML+zplm on input line 
94.

(/usr/local/texlive/2026/texmf-dist/tex/latex/psnfss/omlzplm.fd
File: omlzplm.fd 2002/09/08 Fontinst v1.914 font definitions for OML/zplm.
)
LaTeX Font Info:    Trying to load font information for OMS+zplm on input line 
94.

(/usr/local/texlive/2026/texmf-dist/tex/latex/psnfss/omszplm.fd
File: omszplm.fd 2002/09/08 Fontinst v1.914 font definitions for OMS/zplm.
)
LaTeX Font Info:    Trying to load font information for OMX+zplm on input line 
94.

(/usr/local/texlive/2026/texmf-dist/tex/latex/psnfss/omxzplm.fd
File: omxzplm.fd 2002/09/08 Fontinst v1.914 font definitions for OMX/zplm.
)
LaTeX Font Info:    Font shape `U/msa/m/n' will be
(Font)              scaled to size 15.0049pt on input line 94.

(/usr/local/texlive/2026/texmf-dist/tex/latex/microtype/mt-msa.cfg
File: mt-msa.cfg 2006/02/04 v1.1 microtype config. file: AMS symbols (a) (RS)
)
LaTeX Font Info:    Font shape `U/msa/m/n' will be
(Font)              scaled to size 10.42007pt on input line 94.
LaTeX Font Info:    Font shape `U/msa/m/n' will be
(Font)              scaled to size 8.33606pt on input line 94.
LaTeX Font Info:    Font shape `U/msb/m/n' will be
(Font)              scaled to size 15.0049pt on input line 94.

(/usr/local/texlive/2026/texmf-dist/tex/latex/microtype/mt-msb.cfg
File: mt-msb.cfg 2005/06/01 v1.0 microtype config. file: AMS symbols (b) (RS)
)
LaTeX Font Info:    Font shape `U/msb/m/n' will be
(Font)              scaled to size 10.42007pt on input line 94.
LaTeX Font Info:    Font shape `U/msb/m/n' will be
(Font)              scaled to size 8.33606pt on input line 94.
LaTeX Font Info:    Trying to load font information for OT1+zplm on input line 
94.

(/usr/local/texlive/2026/texmf-dist/tex/latex/psnfss/ot1zplm.fd
File: ot1zplm.fd 2002/09/08 Fontinst v1.914 font definitions for OT1/zplm.
)
Package microtype Info: Loading generic protrusion settings for font family
(microtype)             `zplm' (encoding: OT1).
(microtype)             For optimal results, create family-specific settings.
(microtype)             See the microtype manual for details.
LaTeX Font Info:    Trying to load font information for U+stmry on input line 9
4.

(/usr/local/texlive/2026/texmf-dist/tex/latex/stmaryrd/Ustmry.fd)
<ai_volatility_options_cover.pdf, id=7, 597.50786pt x 845.04686pt>
File: ai_volatility_options_cover.pdf Graphic file (type pdf)
<use ai_volatility_options_cover.pdf>
Package pdftex.def Info: ai_volatility_options_cover.pdf  used on input line 94
.
(pdftex.def)             Requested size: 597.5064pt x 845.0448pt.
 [1



{/usr/local/texlive/2026/texmf-var/fonts/map/pdftex/updmap/pdftex.map}{/usr/loc
al/texlive/2026/texmf-dist/fonts/enc/dvips/base/8r.enc} <./ai_volatility_option
s_cover.pdf>] (./prefaces/resumen.tex
LaTeX Font Info:    Trying to load font information for TS1+pplj on input line 
18.

(/usr/local/texlive/2026/texmf-dist/tex/latex/psnfss/ts1pplj.fd
File: ts1pplj.fd 2004/09/06 font definitions for TS1/pplj.
)
LaTeX Font Info:    Font shape `U/msa/m/n' will be
(Font)              scaled to size 11.40997pt on input line 24.
LaTeX Font Info:    Font shape `U/msa/m/n' will be
(Font)              scaled to size 6.25204pt on input line 24.
LaTeX Font Info:    Font shape `U/msb/m/n' will be
(Font)              scaled to size 11.40997pt on input line 24.
LaTeX Font Info:    Font shape `U/msb/m/n' will be
(Font)              scaled to size 6.25204pt on input line 24.
 [2])
(./prefaces/abstract.tex [3])
LaTeX Font Info:    Font shape `U/msa/m/n' will be
(Font)              scaled to size 12.50409pt on input line 101.
LaTeX Font Info:    Font shape `U/msa/m/n' will be
(Font)              scaled to size 9.37807pt on input line 101.
LaTeX Font Info:    Font shape `U/msa/m/n' will be
(Font)              scaled to size 7.29405pt on input line 101.
LaTeX Font Info:    Font shape `U/msb/m/n' will be
(Font)              scaled to size 12.50409pt on input line 101.
LaTeX Font Info:    Font shape `U/msb/m/n' will be
(Font)              scaled to size 9.37807pt on input line 101.
LaTeX Font Info:    Font shape `U/msb/m/n' will be
(Font)              scaled to size 7.29405pt on input line 101.
Package tocbasic Info: character protrusion at toc deactivated on input line 10
1.
 (./main.toc
LaTeX Info: Redefining \. on input line 2.
LaTeX Info: Redefining \% on input line 2.
 [4

]
LaTeX Info: Redefining \. on input line 84.
LaTeX Info: Redefining \% on input line 84.
Package babel Info: 'spanish' activates 'spanish' shorthands.
(babel)             Reported on input line 84.
 [5])
\tf@toc=\write5
\openout5 = `main.toc'.

LaTeX Info: Redefining \. on input line 103.
LaTeX Info: Redefining \% on input line 103.
 [6]
chapter 1.

Class scrreprt Warning: \float@addtolists detected!
(scrreprt)              Implementation of \float@addtolist became
(scrreprt)              deprecated in KOMA-Script v3.01 2008/11/14 and
(scrreprt)              has been replaced by several more flexible
(scrreprt)              features of package `tocbasic`.
(scrreprt)              Since Version 3.12 support for deprecated
(scrreprt)              \float@addtolist interface has been
(scrreprt)              restricted to only some of the KOMA-Script
(scrreprt)              features and been removed from others.
(scrreprt)              Since Version 3.43 support for deprecated
(scrreprt)              \float@addtolist interface has been
(scrreprt)              removed from all KOMA-Script classes.

Package microtype Info: Character `029' is missing
(microtype)             in font `T1/pplj/m/sc/12'.
(microtype)             Ignoring protrusion settings for this character.
[7

]
LaTeX Info: Redefining \. on input line 145.
LaTeX Info: Redefining \% on input line 145.
 [8]
LaTeX Info: Redefining \. on input line 169.
LaTeX Info: Redefining \% on input line 169.
 [9]
<../doc/mermaid-pdf/index/01.pdf, id=265, 602.25pt x 70.3428pt>
File: ../doc/mermaid-pdf/index/01.pdf Graphic file (type pdf)
<use ../doc/mermaid-pdf/index/01.pdf>
Package pdftex.def Info: ../doc/mermaid-pdf/index/01.pdf  used on input line 18
4.
(pdftex.def)             Requested size: 452.98212pt x 52.9083pt.
LaTeX Info: Redefining \. on input line 188.
LaTeX Info: Redefining \% on input line 188.
 [10 <../doc/mermaid-pdf/index/01.pdf>]
LaTeX Info: Redefining \. on input line 216.
LaTeX Info: Redefining \% on input line 216.
 [11]
(./chapters/ch2_marco_teorico.tex
LaTeX Info: Redefining \. on input line 2.
LaTeX Info: Redefining \% on input line 2.
 [12]
chapter 2.
[13

]
LaTeX Info: Redefining \. on input line 81.
LaTeX Info: Redefining \% on input line 81.
 [14]
LaTeX Info: Redefining \. on input line 118.
LaTeX Info: Redefining \% on input line 118.
 [15]
LaTeX Info: Redefining \. on input line 155.
LaTeX Info: Redefining \% on input line 155.
 [16]) (./chapters/ch3_metodologia.tex
LaTeX Info: Redefining \. on input line 1.
LaTeX Info: Redefining \% on input line 1.
 [17]
chapter 3.
[18

]
<../doc/mermaid-pdf/index/02.pdf, id=363, 186.6975pt x 594.30032pt>
File: ../doc/mermaid-pdf/index/02.pdf Graphic file (type pdf)
<use ../doc/mermaid-pdf/index/02.pdf>
Package pdftex.def Info: ../doc/mermaid-pdf/index/02.pdf  used on input line 65
.
(pdftex.def)             Requested size: 66.78658pt x 212.59677pt.
LaTeX Font Info:    Trying to load font information for T1+fvm on input line 71
.
 (/usr/local/texlive/2026/texmf-dist/tex/latex/bera/t1fvm.fd
File: t1fvm.fd 2004/09/07 scalable font definitions for T1/fvm.
)
LaTeX Font Info:    Font shape `T1/fvm/m/n' will be
(Font)              scaled to size 10.20007pt on input line 71.
Package microtype Info: Loading generic protrusion settings for font family
(microtype)             `fvm' (encoding: T1).
(microtype)             For optimal results, create family-specific settings.
(microtype)             See the microtype manual for details.

Underfull \hbox (badness 1102) in paragraph at lines 71--73
\T1/pplj/m/n/12 apro-xi-ma-ción ope-ra-ti-va: no se dis-po-ne
 []


Underfull \hbox (badness 2809) in paragraph at lines 71--73
\T1/pplj/m/n/12 tro del pi-pe-li-ne, por lo que el con-
 []


Underfull \hbox (badness 10000) in paragraph at lines 75--77
\T1/fvm/m/n/12 euro-[]short-[]term-[]rates / interest _ rate _ benchmarks / WG 
_ euro _ risk-[]free _ rates /
 []


Underfull \hbox (badness 10000) in paragraph at lines 75--77
\T1/fvm/m/n/12 shared / pdf / ecb . Compounded _ euro _ short-[]term _ rate _ c
alculation _ rules . en . pdf$[][]\T1/pplj/m/n/12 .
 []

<../doc/mermaid-pdf/data/index/01.pdf, id=365, 602.25pt x 895.42526pt>
File: ../doc/mermaid-pdf/data/index/01.pdf Graphic file (type pdf)
<use ../doc/mermaid-pdf/data/index/01.pdf>
Package pdftex.def Info: ../doc/mermaid-pdf/data/index/01.pdf  used on input li
ne 87.
(pdftex.def)             Requested size: 142.9899pt x 212.5974pt.
LaTeX Info: Redefining \. on input line 93.
LaTeX Info: Redefining \% on input line 93.
[19 <../doc/mermaid-pdf/index/02.pdf>]

Package wrapfig Warning: Collision between wrapping environments on input line 
107.

<../imgs/loaders_builders_schema.drawio.png, id=389, 476.78125pt x 672.5125pt>
File: ../imgs/loaders_builders_schema.drawio.png Graphic file (type png)
<use ../imgs/loaders_builders_schema.drawio.png>
Package pdftex.def Info: ../imgs/loaders_builders_schema.drawio.png  used on in
put line 113.
(pdftex.def)             Requested size: 150.72523pt x 212.60191pt.

Package wrapfig Warning: Stationary wrapfigure forced to float on input line 12
0.

LaTeX Info: Redefining \. on input line 128.
LaTeX Info: Redefining \% on input line 128.
[20 <../doc/mermaid-pdf/data/index/01.pdf> <../imgs/loaders_builders_schema.dra
wio.png>]
<../doc/mermaid-pdf/data/raw-read/01.pdf, id=410, 602.25pt x 310.27919pt>
File: ../doc/mermaid-pdf/data/raw-read/01.pdf Graphic file (type pdf)
<use ../doc/mermaid-pdf/data/raw-read/01.pdf>
Package pdftex.def Info: ../doc/mermaid-pdf/data/raw-read/01.pdf  used on input
 line 138.
(pdftex.def)             Requested size: 217.42268pt x 112.01762pt.
<../doc/mermaid-pdf/data/raw-read/02.pdf, id=411, 575.2692pt x 322.32419pt>
File: ../doc/mermaid-pdf/data/raw-read/02.pdf Graphic file (type pdf)
<use ../doc/mermaid-pdf/data/raw-read/02.pdf>
Package pdftex.def Info: ../doc/mermaid-pdf/data/raw-read/02.pdf  used on input
 line 145.
(pdftex.def)             Requested size: 217.42268pt x 121.8205pt.
<../doc/mermaid-pdf/data/merge-raw/02.pdf, id=412, 602.25pt x 186.6975pt>
File: ../doc/mermaid-pdf/data/merge-raw/02.pdf Graphic file (type pdf)
<use ../doc/mermaid-pdf/data/merge-raw/02.pdf>
Package pdftex.def Info: ../doc/mermaid-pdf/data/merge-raw/02.pdf  used on inpu
t line 160.
(pdftex.def)             Requested size: 271.7911pt x 84.25523pt.
<../doc/mermaid-pdf/data/merge-raw/01.pdf, id=415, 378.45387pt x 692.5875pt>
File: ../doc/mermaid-pdf/data/merge-raw/01.pdf Graphic file (type pdf)
<use ../doc/mermaid-pdf/data/merge-raw/01.pdf>
Package pdftex.def Info: ../doc/mermaid-pdf/data/merge-raw/01.pdf  used on inpu
t line 174.
(pdftex.def)             Requested size: 130.45493pt x 238.74214pt.
<../doc/mermaid-pdf/data/product-split/01.pdf, id=416, 349.305pt x 620.3175pt>
File: ../doc/mermaid-pdf/data/product-split/01.pdf Graphic file (type pdf)
<use ../doc/mermaid-pdf/data/product-split/01.pdf>
Package pdftex.def Info: ../doc/mermaid-pdf/data/product-split/01.pdf  used on 
input line 181.
(pdftex.def)             Requested size: 130.45493pt x 231.67197pt.
LaTeX Info: Redefining \. on input line 193.
LaTeX Info: Redefining \% on input line 193.
 [21

 <../doc/mermaid-pdf/data/raw-read/01.pdf> <../doc/mermaid-pdf/data/raw-read/02
.pdf> <../doc/mermaid-pdf/data/merge-raw/02.pdf> <../doc/mermaid-pdf/data/merge
-raw/01.pdf> <../doc/mermaid-pdf/data/product-split/01.pdf>]
<../doc/mermaid-pdf/data/underlying/01.pdf, id=469, 602.25pt x 126.4725pt>
File: ../doc/mermaid-pdf/data/underlying/01.pdf Graphic file (type pdf)
<use ../doc/mermaid-pdf/data/underlying/01.pdf>
Package pdftex.def Info: ../doc/mermaid-pdf/data/underlying/01.pdf  used on inp
ut line 203.
(pdftex.def)             Requested size: 362.3912pt x 76.10214pt.
<../doc/mermaid-pdf/data/volatility/02.pdf, id=472, 602.25pt x 173.68889pt>
File: ../doc/mermaid-pdf/data/volatility/02.pdf Graphic file (type pdf)
<use ../doc/mermaid-pdf/data/volatility/02.pdf>
Package pdftex.def Info: ../doc/mermaid-pdf/data/volatility/02.pdf  used on inp
ut line 221.
(pdftex.def)             Requested size: 362.3912pt x 104.51361pt.
<../doc/mermaid-pdf/data/volatility/01.pdf, id=473, 387.36719pt x 831.105pt>
File: ../doc/mermaid-pdf/data/volatility/01.pdf Graphic file (type pdf)
<use ../doc/mermaid-pdf/data/volatility/01.pdf>
Package pdftex.def Info: ../doc/mermaid-pdf/data/volatility/01.pdf  used on inp
ut line 238.
(pdftex.def)             Requested size: 226.48398pt x 485.9345pt.
LaTeX Info: Redefining \. on input line 245.
LaTeX Info: Redefining \% on input line 245.

[22 <../doc/mermaid-pdf/data/underlying/01.pdf> <../doc/mermaid-pdf/data/volati
lity/02.pdf>]
LaTeX Info: Redefining \. on input line 245.
LaTeX Info: Redefining \% on input line 245.
 [23 <../doc/mermaid-pdf/data/volatility/01.pdf>]
<../doc/mermaid-pdf/data/index/02.pdf, id=514, 602.25pt x 107.4414pt>
File: ../doc/mermaid-pdf/data/index/02.pdf Graphic file (type pdf)
<use ../doc/mermaid-pdf/data/index/02.pdf>
Package pdftex.def Info: ../doc/mermaid-pdf/data/index/02.pdf  used on input li
ne 260.
(pdftex.def)             Requested size: 385.04352pt x 68.69176pt.

Underfull \hbox (badness 2671) in paragraph at lines 268--269
[]\T1/pplj/m/n/12 Las en-tra-das raw vi-si-bles son \T1/fvm/m/n/12 OptionType\T
1/pplj/m/n/12 , \T1/fvm/m/n/12 StrikePrice\T1/pplj/m/n/12 , \T1/fvm/m/n/12 Unde
rlyingPrice\T1/pplj/m/n/12 ,
 []

LaTeX Font Info:    Font shape `T1/fvm/m/n' will be
(Font)              scaled to size 9.30756pt on input line 281.
LaTeX Info: Redefining \. on input line 296.
LaTeX Info: Redefining \% on input line 296.
[24 <../doc/mermaid-pdf/data/index/02.pdf>]
<../doc/mermaid-pdf/models/features/01.pdf, id=533, 602.25pt x 210.7875pt>
File: ../doc/mermaid-pdf/models/features/01.pdf Graphic file (type pdf)
<use ../doc/mermaid-pdf/models/features/01.pdf>
Package pdftex.def Info: ../doc/mermaid-pdf/models/features/01.pdf  used on inp
ut line 300.
(pdftex.def)             Requested size: 362.37573pt x 126.83691pt.
<../doc/mermaid-pdf/models/features/02.pdf, id=534, 602.25pt x 346.4142pt>
File: ../doc/mermaid-pdf/models/features/02.pdf Graphic file (type pdf)
<use ../doc/mermaid-pdf/models/features/02.pdf>
Package pdftex.def Info: ../doc/mermaid-pdf/models/features/02.pdf  used on inp
ut line 307.
(pdftex.def)             Requested size: 271.78352pt x 156.33424pt.

Underfull \hbox (badness 1454) in paragraph at lines 330--330
[]|\T1/pplj/m/n/10.95 Red neu-ro-nal se-cuen-
 []

LaTeX Info: Redefining \. on input line 336.
LaTeX Info: Redefining \% on input line 336.
[25 <../doc/mermaid-pdf/models/features/01.pdf> <../doc/mermaid-pdf/models/feat
ures/02.pdf>]
LaTeX Info: Redefining \. on input line 350.
LaTeX Info: Redefining \% on input line 350.
 [26]
<../doc/mermaid-pdf/models/splits-kfolds/01.pdf, id=565, 602.25pt x 159.71669pt
>
File: ../doc/mermaid-pdf/models/splits-kfolds/01.pdf Graphic file (type pdf)
<use ../doc/mermaid-pdf/models/splits-kfolds/01.pdf>
Package pdftex.def Info: ../doc/mermaid-pdf/models/splits-kfolds/01.pdf  used o
n input line 358.
(pdftex.def)             Requested size: 385.04352pt x 102.11353pt.
<../doc/mermaid-pdf/models/splits-kfolds/02.pdf, id=566, 393.38968pt x 715.7138
8pt>
File: ../doc/mermaid-pdf/models/splits-kfolds/02.pdf Graphic file (type pdf)
<use ../doc/mermaid-pdf/models/splits-kfolds/02.pdf>
Package pdftex.def Info: ../doc/mermaid-pdf/models/splits-kfolds/02.pdf  used o
n input line 380.
(pdftex.def)             Requested size: 116.8533pt x 212.59717pt.
LaTeX Info: Redefining \. on input line 393.
LaTeX Info: Redefining \% on input line 393.
 [27 <../doc/mermaid-pdf/models/splits-kfolds/01.pdf> <../doc/mermaid-pdf/model
s/splits-kfolds/02.pdf>]
<../doc/mermaid-pdf/models/index/02.pdf, id=627, 602.25pt x 111.29579pt>
File: ../doc/mermaid-pdf/models/index/02.pdf Graphic file (type pdf)
<use ../doc/mermaid-pdf/models/index/02.pdf>
Package pdftex.def Info: ../doc/mermaid-pdf/models/index/02.pdf  used on input 
line 409.
(pdftex.def)             Requested size: 452.98212pt x 83.71107pt.
<../doc/mermaid-pdf/models/splits-kfolds/03.pdf, id=628, 602.25pt x 182.6022pt>

File: ../doc/mermaid-pdf/models/splits-kfolds/03.pdf Graphic file (type pdf)
<use ../doc/mermaid-pdf/models/splits-kfolds/03.pdf>
Package pdftex.def Info: ../doc/mermaid-pdf/models/splits-kfolds/03.pdf  used o
n input line 417.
(pdftex.def)             Requested size: 385.04352pt x 116.7452pt.
<../doc/mermaid-pdf/models/retraining-progressive/02.pdf, id=629, 602.25pt x 52
.2753pt>
File: ../doc/mermaid-pdf/models/retraining-progressive/02.pdf Graphic file (typ
e pdf)
<use ../doc/mermaid-pdf/models/retraining-progressive/02.pdf>
Package pdftex.def Info: ../doc/mermaid-pdf/models/retraining-progressive/02.pd
f  used on input line 431.
(pdftex.def)             Requested size: 452.98212pt x 39.31883pt.
LaTeX Info: Redefining \. on input line 447.
LaTeX Info: Redefining \% on input line 447.
 [28

 <../doc/mermaid-pdf/models/index/02.pdf> <../doc/mermaid-pdf/models/splits-kfo
lds/03.pdf> <../doc/mermaid-pdf/models/retraining-progressive/02.pdf>]
<../doc/mermaid-pdf/models/retraining-progressive/01.pdf, id=664, 453.61469pt x
 730.64969pt>
File: ../doc/mermaid-pdf/models/retraining-progressive/01.pdf Graphic file (typ
e pdf)
<use ../doc/mermaid-pdf/models/retraining-progressive/01.pdf>
Package pdftex.def Info: ../doc/mermaid-pdf/models/retraining-progressive/01.pd
f  used on input line 454.
(pdftex.def)             Requested size: 271.78352pt x 437.78001pt.
LaTeX Info: Redefining \. on input line 460.
LaTeX Info: Redefining \% on input line 460.
 [29 <../doc/mermaid-pdf/models/retraining-progressive/01.pdf>]
<../doc/mermaid-pdf/dashboard/model-to-dashboard/01.pdf, id=679, 602.25pt x 375
.32219pt>
File: ../doc/mermaid-pdf/dashboard/model-to-dashboard/01.pdf Graphic file (type
 pdf)
<use ../doc/mermaid-pdf/dashboard/model-to-dashboard/01.pdf>
Package pdftex.def Info: ../doc/mermaid-pdf/dashboard/model-to-dashboard/01.pdf
  used on input line 469.
(pdftex.def)             Requested size: 385.04352pt x 239.95912pt.
<../doc/mermaid-pdf/dashboard/behaviour-surface/01.pdf, id=686, 602.25pt x 201.
63329pt>
File: ../doc/mermaid-pdf/dashboard/behaviour-surface/01.pdf Graphic file (type 
pdf)
<use ../doc/mermaid-pdf/dashboard/behaviour-surface/01.pdf>
Package pdftex.def Info: ../doc/mermaid-pdf/dashboard/behaviour-surface/01.pdf 
 used on input line 505.
(pdftex.def)             Requested size: 416.74759pt x 139.52707pt.
LaTeX Info: Redefining \. on input line 508.
LaTeX Info: Redefining \% on input line 508.
 [30 <../doc/mermaid-pdf/dashboard/model-to-dashboard/01.pdf>]
<../doc/mermaid-pdf/dashboard/global-explainability/01.pdf, id=701, 602.25pt x 
176.5797pt>
File: ../doc/mermaid-pdf/dashboard/global-explainability/01.pdf Graphic file (t
ype pdf)
<use ../doc/mermaid-pdf/dashboard/global-explainability/01.pdf>
Package pdftex.def Info: ../doc/mermaid-pdf/dashboard/global-explainability/01.
pdf  used on input line 514.
(pdftex.def)             Requested size: 452.98212pt x 132.81433pt.
<../doc/mermaid-pdf/dashboard/sample-explainability/01.pdf, id=702, 536.96606pt
 x 396.52138pt>
File: ../doc/mermaid-pdf/dashboard/sample-explainability/01.pdf Graphic file (t
ype pdf)
<use ../doc/mermaid-pdf/dashboard/sample-explainability/01.pdf>
Package pdftex.def Info: ../doc/mermaid-pdf/dashboard/sample-explainability/01.
pdf  used on input line 522.
(pdftex.def)             Requested size: 314.89816pt x 232.53583pt.


LaTeX Warning: `h' float specifier changed to `ht'.

<../doc/mermaid-pdf/dashboard/diagnosis/01.pdf, id=703, 602.25pt x 103.3461pt>
File: ../doc/mermaid-pdf/dashboard/diagnosis/01.pdf Graphic file (type pdf)
<use ../doc/mermaid-pdf/dashboard/diagnosis/01.pdf>
Package pdftex.def Info: ../doc/mermaid-pdf/dashboard/diagnosis/01.pdf  used on
 input line 530.
(pdftex.def)             Requested size: 416.74759pt x 71.51387pt.

LaTeX Warning: `h' float specifier changed to `ht'.

<../doc/mermaid-pdf/dashboard/behaviour/volatility-surfaces/01.pdf, id=704, 444
.70139pt x 510.94888pt>
File: ../doc/mermaid-pdf/dashboard/behaviour/volatility-surfaces/01.pdf Graphic
 file (type pdf)
<use ../doc/mermaid-pdf/dashboard/behaviour/volatility-surfaces/01.pdf>
Package pdftex.def Info: ../doc/mermaid-pdf/dashboard/behaviour/volatility-surf
aces/01.pdf  used on input line 539.
(pdftex.def)             Requested size: 202.38695pt x 232.53668pt.

LaTeX Warning: `h' float specifier changed to `ht'.

LaTeX Info: Redefining \. on input line 548.
LaTeX Info: Redefining \% on input line 548.
[31 <../doc/mermaid-pdf/dashboard/behaviour-surface/01.pdf> <../doc/mermaid-pdf
/dashboard/global-explainability/01.pdf>]
<../imgs/cloud_diagram.drawio.png, id=733, 1763.58875pt x 867.24pt>
File: ../imgs/cloud_diagram.drawio.png Graphic file (type png)
<use ../imgs/cloud_diagram.drawio.png>
Package pdftex.def Info: ../imgs/cloud_diagram.drawio.png  used on input line 5
63.
(pdftex.def)             Requested size: 434.84132pt x 213.83205pt.

Underfull \hbox (badness 1728) in paragraph at lines 564--564
[][]|\T1/pplj/m/n/10.95 Ar-qui-tec-tu-ra cloud del sis-te-ma: al-ma-ce-na-mien-
to, ele-men-tos y ser-vi-cios de
 []

LaTeX Info: Redefining \. on input line 566.
LaTeX Info: Redefining \% on input line 566.
[32 <../doc/mermaid-pdf/dashboard/sample-explainability/01.pdf> <../doc/mermaid
-pdf/dashboard/diagnosis/01.pdf>]
LaTeX Info: Redefining \. on input line 570.
LaTeX Info: Redefining \% on input line 570.
 [33 <../doc/mermaid-pdf/dashboard/behaviour/volatility-surfaces/01.pdf> <../im
gs/cloud_diagram.drawio.png>]
<../doc/mermaid-pdf/repository/index/02.pdf, id=774, 602.25pt x 215.84639pt>
File: ../doc/mermaid-pdf/repository/index/02.pdf Graphic file (type pdf)
<use ../doc/mermaid-pdf/repository/index/02.pdf>
Package pdftex.def Info: ../doc/mermaid-pdf/repository/index/02.pdf  used on in
put line 592.
(pdftex.def)             Requested size: 416.74759pt x 149.36232pt.
LaTeX Info: Redefining \. on input line 625.
LaTeX Info: Redefining \% on input line 625.
 [34 <../doc/mermaid-pdf/repository/index/02.pdf>]
LaTeX Info: Redefining \. on input line 632.
LaTeX Info: Redefining \% on input line 632.
 [35])
LaTeX Info: Redefining \. on input line 251.
LaTeX Info: Redefining \% on input line 251.
 [36]
chapter 4.
LaTeX Font Info:    Font shape `U/msa/m/n' will be
(Font)              scaled to size 5.21004pt on input line 265.
LaTeX Font Info:    Font shape `U/msb/m/n' will be
(Font)              scaled to size 5.21004pt on input line 265.
[37

]
Underfull \hbox (badness 10000) in paragraph at lines 313--313
[]|\T1/pplj/m/n/10.95 Red neu-ro-nal se-
 []


Underfull \hbox (badness 10000) in paragraph at lines 313--313
[]|\T1/pplj/m/n/10.95 Quantum Ins-pi-red
 []

LaTeX Info: Redefining \. on input line 326.
LaTeX Info: Redefining \% on input line 326.
[38]
Underfull \hbox (badness 10000) in paragraph at lines 343--344
[]|$\OT1/pplx/m/n/10.95 500$ \T1/pplj/m/n/10.95 ár-bo-les, pro-fun-di-dad má-xi
-ma $\OT1/pplx/m/n/10.95 8$\T1/pplj/m/n/10.95 ,
 []


Underfull \hbox (badness 10000) in paragraph at lines 343--344
\T1/fvm/m/n/10.95 min_samples_leaf\T1/pplj/m/n/10.95 =10, \T1/fvm/m/n/10.95 max
_features\T1/pplj/m/n/10.95 =0.5,
 []

LaTeX Info: Redefining \. on input line 363.
LaTeX Info: Redefining \% on input line 363.
[39]
<../imgs/dashboard/Diagnosis - Random Forest.png, id=827, 633.36626pt x 444.159
38pt>
File: ../imgs/dashboard/Diagnosis - Random Forest.png Graphic file (type png)
<use ../imgs/dashboard/Diagnosis - Random Forest.png>
Package pdftex.def Info: ../imgs/dashboard/Diagnosis - Random Forest.png  used 
on input line 376.
(pdftex.def)             Requested size: 221.95212pt x 155.64787pt.
<../imgs/dashboard/Diagnosis - Xgboost.png, id=828, 634.37pt x 446.16687pt>
File: ../imgs/dashboard/Diagnosis - Xgboost.png Graphic file (type png)
<use ../imgs/dashboard/Diagnosis - Xgboost.png>
Package pdftex.def Info: ../imgs/dashboard/Diagnosis - Xgboost.png  used on inp
ut line 380.
(pdftex.def)             Requested size: 221.95538pt x 156.10628pt.
LaTeX Info: Redefining \. on input line 400.
LaTeX Info: Redefining \% on input line 400.
 [40 <../imgs/dashboard/Diagnosis - Random Forest.png> <../imgs/dashboard/Diagn
osis - Xgboost.png>]
LaTeX Info: Redefining \. on input line 423.
LaTeX Info: Redefining \% on input line 423.
 [41]
LaTeX Info: Redefining \. on input line 430.
LaTeX Info: Redefining \% on input line 430.
 [42]
Overfull \hbox (15.78099pt too wide) in paragraph at lines 438--439
[]
 []


Overfull \hbox (120.44507pt too wide) in paragraph at lines 440--441
[]
 []

LaTeX Info: Redefining \. on input line 448.
LaTeX Info: Redefining \% on input line 448.
[43]
<../imgs/dashboard/Behaviour And Surface - Random Forest I.png, id=852, 629.351
26pt x 439.14063pt>
File: ../imgs/dashboard/Behaviour And Surface - Random Forest I.png Graphic fil
e (type png)
<use ../imgs/dashboard/Behaviour And Surface - Random Forest I.png>
Package pdftex.def Info: ../imgs/dashboard/Behaviour And Surface - Random Fores
t I.png  used on input line 459.
(pdftex.def)             Requested size: 221.95677pt x 154.87415pt.
<../imgs/dashboard/Behaviour And Surface - Xgboost I.png, id=853, 628.3475pt x 
437.13312pt>
File: ../imgs/dashboard/Behaviour And Surface - Xgboost I.png Graphic file (typ
e png)
<use ../imgs/dashboard/Behaviour And Surface - Xgboost I.png>
Package pdftex.def Info: ../imgs/dashboard/Behaviour And Surface - Xgboost I.pn
g  used on input line 463.
(pdftex.def)             Requested size: 221.95753pt x 154.41293pt.
LaTeX Info: Redefining \. on input line 472.
LaTeX Info: Redefining \% on input line 472.
 [44 <../imgs/dashboard/Behaviour And Surface - Random Forest I.png> <../imgs/d
ashboard/Behaviour And Surface - Xgboost I.png>]
<../imgs/dashboard/Global Explainability - Random Forest I.png, id=863, 632.362
5pt x 423.08063pt>
File: ../imgs/dashboard/Global Explainability - Random Forest I.png Graphic fil
e (type png)
<use ../imgs/dashboard/Global Explainability - Random Forest I.png>
Package pdftex.def Info: ../imgs/dashboard/Global Explainability - Random Fores
t I.png  used on input line 493.
(pdftex.def)             Requested size: 221.94772pt x 148.49359pt.
<../imgs/dashboard/Global Explainability - Xgboost I.png, id=864, 633.36626pt x
 422.07687pt>
File: ../imgs/dashboard/Global Explainability - Xgboost I.png Graphic file (typ
e png)
<use ../imgs/dashboard/Global Explainability - Xgboost I.png>
Package pdftex.def Info: ../imgs/dashboard/Global Explainability - Xgboost I.pn
g  used on input line 497.
(pdftex.def)             Requested size: 221.95212pt x 147.90944pt.
LaTeX Info: Redefining \. on input line 506.
LaTeX Info: Redefining \% on input line 506.
 [45]
<../imgs/dashboard/Global Explainability - Random Forest III.png, id=870, 630.8
5687pt x 378.91562pt>
File: ../imgs/dashboard/Global Explainability - Random Forest III.png Graphic f
ile (type png)
<use ../imgs/dashboard/Global Explainability - Random Forest III.png>
Package pdftex.def Info: ../imgs/dashboard/Global Explainability - Random Fores
t III.png  used on input line 524.
(pdftex.def)             Requested size: 221.95834pt x 133.31625pt.
<../imgs/dashboard/Global Explainability - Xgboost III.png, id=871, 631.35875pt
 x 378.91562pt>
File: ../imgs/dashboard/Global Explainability - Xgboost III.png Graphic file (t
ype png)
<use ../imgs/dashboard/Global Explainability - Xgboost III.png>
Package pdftex.def Info: ../imgs/dashboard/Global Explainability - Xgboost III.
png  used on input line 528.
(pdftex.def)             Requested size: 221.95187pt x 133.2064pt.
LaTeX Info: Redefining \. on input line 572.
LaTeX Info: Redefining \% on input line 572.
 [46 <../imgs/dashboard/Global Explainability - Random Forest I.png> <../imgs/d
ashboard/Global Explainability - Xgboost I.png>]
LaTeX Info: Redefining \. on input line 572.
LaTeX Info: Redefining \% on input line 572.
 [47 <../imgs/dashboard/Global Explainability - Random Forest III.png> <../imgs
/dashboard/Global Explainability - Xgboost III.png>]
<../imgs/dashboard/Sample Explainability - Random Forest I.png, id=891, 630.355
pt x 376.40625pt>
File: ../imgs/dashboard/Sample Explainability - Random Forest I.png Graphic fil
e (type png)
<use ../imgs/dashboard/Sample Explainability - Random Forest I.png>
Package pdftex.def Info: ../imgs/dashboard/Sample Explainability - Random Fores
t I.png  used on input line 592.
(pdftex.def)             Requested size: 221.9549pt x 132.53676pt.
<../imgs/dashboard/Sample Explainability - Xgboost I.png, id=892, 630.355pt x 3
76.40625pt>
File: ../imgs/dashboard/Sample Explainability - Xgboost I.png Graphic file (typ
e png)
<use ../imgs/dashboard/Sample Explainability - Xgboost I.png>
Package pdftex.def Info: ../imgs/dashboard/Sample Explainability - Xgboost I.pn
g  used on input line 596.
(pdftex.def)             Requested size: 221.9549pt x 132.53676pt.
<../imgs/dashboard/Sample Explainability - Random Forest III.png, id=893, 633.3
6626pt x 433.62pt>
File: ../imgs/dashboard/Sample Explainability - Random Forest III.png Graphic f
ile (type png)
<use ../imgs/dashboard/Sample Explainability - Random Forest III.png>
Package pdftex.def Info: ../imgs/dashboard/Sample Explainability - Random Fores
t III.png  used on input line 606.
(pdftex.def)             Requested size: 221.95212pt x 151.95453pt.
<../imgs/dashboard/Sample Explainability - Xgboost III.png, id=894, 631.86063pt
 x 432.11438pt>
File: ../imgs/dashboard/Sample Explainability - Xgboost III.png Graphic file (t
ype png)
<use ../imgs/dashboard/Sample Explainability - Xgboost III.png>
Package pdftex.def Info: ../imgs/dashboard/Sample Explainability - Xgboost III.
png  used on input line 610.
(pdftex.def)             Requested size: 221.95476pt x 151.78955pt.
LaTeX Info: Redefining \. on input line 617.
LaTeX Info: Redefining \% on input line 617.

[48 <../imgs/dashboard/Sample Explainability - Random Forest I.png> <../imgs/da
shboard/Sample Explainability - Xgboost I.png>]
LaTeX Info: Redefining \. on input line 634.
LaTeX Info: Redefining \% on input line 634.
 [49 <../imgs/dashboard/Sample Explainability - Random Forest III.png> <../imgs
/dashboard/Sample Explainability - Xgboost III.png>]
Underfull \hbox (badness 1603) in paragraph at lines 641--641
[]|\T1/pplj/m/n/10.95 Random Fo-
 []


Underfull \hbox (badness 10000) in paragraph at lines 641--641
[]|\T1/pplj/m/n/10.95 Sequential
 []


Underfull \hbox (badness 10000) in paragraph at lines 641--642
[]|\T1/pplj/m/n/10.95 Quantum
 []


Underfull \hbox (badness 4582) in paragraph at lines 643--643
[]|\T1/pplj/m/n/10.95 Driver SHAP do-mi-
 []


Underfull \hbox (badness 10000) in paragraph at lines 643--643
[]|\T1/pplj/m/n/10.95 TTE (muy
 []


Underfull \hbox (badness 10000) in paragraph at lines 645--645
[]|\T1/pplj/m/n/10.95 Strike (me-
 []


Underfull \hbox (badness 10000) in paragraph at lines 645--646
[]|\T1/pplj/m/n/10.95 Strike (me-
 []


Underfull \hbox (badness 1248) in paragraph at lines 649--649
[]|\T1/pplj/m/n/10.95 Suavidad de su-per-fi-
 []


Underfull \hbox (badness 10000) in paragraph at lines 649--649
[]|\T1/pplj/m/n/10.95 Media (es-
 []


Underfull \hbox (badness 10000) in paragraph at lines 649--649
\T1/pplj/m/n/10.95 ca-lo-nes
 []


Underfull \hbox (badness 10000) in paragraph at lines 649--649
[]|\T1/pplj/m/n/10.95 Media (es-
 []


Underfull \hbox (badness 10000) in paragraph at lines 649--649
\T1/pplj/m/n/10.95 ca-lo-nes
 []


Underfull \hbox (badness 7081) in paragraph at lines 651--651
[]|\T1/pplj/m/n/10.95 Visible, me-
 []


Underfull \hbox (badness 1661) in paragraph at lines 651--651
[]|\T1/pplj/m/n/10.95 Visible, más
 []


Underfull \hbox (badness 1661) in paragraph at lines 651--652
[]|\T1/pplj/m/n/10.95 Visible, más
 []

LaTeX Info: Symbol \textrightarrow not provided by
            font family pplj in TS1 encoding.
            Default family used instead on input line 653.
(/usr/local/texlive/2026/texmf-dist/tex/latex/microtype/mt-cmr.cfg
File: mt-cmr.cfg 2013/05/19 v2.2 microtype config. file: Computer Modern Roman 
(RS)
)
Underfull \hbox (badness 2343) in paragraph at lines 655--655
[]|\T1/pplj/m/n/10.95 Soporte his-tó-ri-co en
 []


Underfull \hbox (badness 5036) in paragraph at lines 655--655
\T1/pplj/m/n/10.95 ca-sos ma-nua-les exi-
 []


Underfull \hbox (badness 10000) in paragraph at lines 655--655
[]|\T1/pplj/m/n/10.95 N/A en
 []


Underfull \hbox (badness 10000) in paragraph at lines 655--655
\T1/pplj/m/n/10.95 mues-tra
 []


Underfull \hbox (badness 1286) in paragraph at lines 655--655
[]|\T1/pplj/m/n/10.95 Distancia al-
 []


Underfull \hbox (badness 1194) in paragraph at lines 655--655
\T1/pplj/m/n/10.95 ta en es-trés
 []


Underfull \hbox (badness 1286) in paragraph at lines 655--655
[]|\T1/pplj/m/n/10.95 Distancia al-
 []


Underfull \hbox (badness 1194) in paragraph at lines 655--655
\T1/pplj/m/n/10.95 ta en es-trés
 []


Underfull \hbox (badness 10000) in paragraph at lines 655--655
[]|\T1/pplj/m/n/10.95 N/A en
 []


Underfull \hbox (badness 10000) in paragraph at lines 655--655
\T1/pplj/m/n/10.95 mues-tra
 []


Underfull \hbox (badness 10000) in paragraph at lines 655--656
[]|\T1/pplj/m/n/10.95 N/A en
 []


Underfull \hbox (badness 10000) in paragraph at lines 655--656
\T1/pplj/m/n/10.95 mues-tra
 []


Underfull \hbox (badness 10000) in paragraph at lines 657--657
[]|\T1/pplj/m/n/10.95 Compresibilidad en
 []


Underfull \hbox (badness 10000) in paragraph at lines 657--657
\T1/pplj/m/n/10.95 mo-de-lo equi-va-len-te
 []


Underfull \hbox (badness 10000) in paragraph at lines 657--657
[]|\T1/pplj/m/n/10.95 Muy ba-ja
 []


Underfull \hbox (badness 2158) in paragraph at lines 657--657
\T1/pplj/m/n/10.95 (no com-pac-
 []


Underfull \hbox (badness 10000) in paragraph at lines 657--658
[]|\T1/pplj/m/n/10.95 Muy ba-
 []


Underfull \hbox (badness 10000) in paragraph at lines 657--658
\T1/pplj/m/n/10.95 ja/No uti-li-
 []


LaTeX Warning: Reference `app:sensibilidad-moneyness-vencimiento' on page 50 un
defined on input line 670.

LaTeX Info: Redefining \. on input line 671.
LaTeX Info: Redefining \% on input line 671.
[50{/usr/local/texlive/2026/texmf-dist/fonts/enc/dvips/cm-super/cm-super-ts1.en
c}]
LaTeX Info: Redefining \. on input line 692.
LaTeX Info: Redefining \% on input line 692.
 [51]
LaTeX Info: Redefining \. on input line 717.
LaTeX Info: Redefining \% on input line 717.
 [52]
LaTeX Info: Redefining \. on input line 738.
LaTeX Info: Redefining \% on input line 738.
 [53]
LaTeX Info: Redefining \. on input line 763.
LaTeX Info: Redefining \% on input line 763.
 [54]
LaTeX Info: Redefining \. on input line 785.
LaTeX Info: Redefining \% on input line 785.
 [55]
chapter 5.
[56

]
LaTeX Info: Redefining \. on input line 808.
LaTeX Info: Redefining \% on input line 808.
 [57]
chapter A.
<../imgs/databases_structure_details.drawio.png, id=953, 1177.39874pt x 3859.41
875pt>
File: ../imgs/databases_structure_details.drawio.png Graphic file (type png)
<use ../imgs/databases_structure_details.drawio.png>
Package pdftex.def Info: ../imgs/databases_structure_details.drawio.png  used o
n input line 817.
(pdftex.def)             Requested size: 434.8582pt x 424.47552pt.
File: ../imgs/databases_structure_details.drawio.png Graphic file (type png)
<use ../imgs/databases_structure_details.drawio.png>
Package pdftex.def Info: ../imgs/databases_structure_details.drawio.png  used o
n input line 824.
(pdftex.def)             Requested size: 434.8582pt x 517.15652pt.
File: ../imgs/databases_structure_details.drawio.png Graphic file (type png)
<use ../imgs/databases_structure_details.drawio.png>
Package pdftex.def Info: ../imgs/databases_structure_details.drawio.png  used o
n input line 831.
(pdftex.def)             Requested size: 434.8582pt x 405.93932pt.

Underfull \hbox (badness 3168) in paragraph at lines 832--832
[][]|\T1/pplj/m/n/10.95 De-ta-lle es-truc-tu-ral del ETL (III): fil-tros pre-vi
os y cons-truc-ción fi-nal de
 []

(./chapters/app2_metodologia_de_trabajo.tex [58

]
LaTeX Info: Redefining \. on input line 2.
LaTeX Info: Redefining \% on input line 2.
 [59 <../imgs/databases_structure_details.drawio.png>]
LaTeX Info: Redefining \. on input line 2.
LaTeX Info: Redefining \% on input line 2.
 [60]
LaTeX Info: Redefining \. on input line 2.
LaTeX Info: Redefining \% on input line 2.
 [61]
chapter B.
[62

]
LaTeX Info: Redefining \. on input line 22.
LaTeX Info: Redefining \% on input line 22.
 [63]) (./chapters/app3_shap.tex
LaTeX Info: Redefining \. on input line 2.
LaTeX Info: Redefining \% on input line 2.
 [64]
chapter C.
LaTeX Font Info:    Trying to load font information for U+fplmbb on input line 
22.
(/usr/local/texlive/2026/texmf-dist/tex/latex/psnfss/ufplmbb.fd
File: ufplmbb.fd 2003/10/30 Fontinst v1.914 font definitions for U/fplmbb.
) [65

]
LaTeX Info: Redefining \. on input line 63.
LaTeX Info: Redefining \% on input line 63.
 [66]
LaTeX Info: Redefining \. on input line 91.
LaTeX Info: Redefining \% on input line 91.

[67]
LaTeX Info: Redefining \. on input line 145.
LaTeX Info: Redefining \% on input line 145.
 [68]
LaTeX Info: Redefining \. on input line 189.
LaTeX Info: Redefining \% on input line 189.
 [69]
Overfull \hbox (26.45421pt too wide) in paragraph at lines 221--222
[]\T1/pplj/m/n/12 En es-te pro-yec-to se uti-li-za un ex-pli-ca-dor de per-mu-t
a-ción me-dian-te \T1/fvm/m/n/12 shap.Explainer(...,
 []

LaTeX Info: Redefining \. on input line 223.
LaTeX Info: Redefining \% on input line 223.
[70]
LaTeX Info: Redefining \. on input line 244.
LaTeX Info: Redefining \% on input line 244.
 [71])
LaTeX Info: Redefining \. on input line 857.
LaTeX Info: Redefining \% on input line 857.
 [72]
chapter D.
<../doc/mermaid-pdf/dashboard/behaviour/ale/01.pdf, id=1048, 219.70079pt x 631.
39888pt>
File: ../doc/mermaid-pdf/dashboard/behaviour/ale/01.pdf Graphic file (type pdf)

<use ../doc/mermaid-pdf/dashboard/behaviour/ale/01.pdf>
Package pdftex.def Info: ../doc/mermaid-pdf/dashboard/behaviour/ale/01.pdf  use
d on input line 877.
(pdftex.def)             Requested size: 166.45135pt x 478.36517pt.
[73

]
LaTeX Info: Redefining \. on input line 902.
LaTeX Info: Redefining \% on input line 902.
 [74 <../doc/mermaid-pdf/dashboard/behaviour/ale/01.pdf>]
LaTeX Info: Redefining \. on input line 919.
LaTeX Info: Redefining \% on input line 919.
 [75]
chapter E.
<../doc/mermaid-pdf/models/families/quantum-inspired/01.pdf, id=1078, 602.25pt 
x 35.1714pt>
File: ../doc/mermaid-pdf/models/families/quantum-inspired/01.pdf Graphic file (
type pdf)
<use ../doc/mermaid-pdf/models/families/quantum-inspired/01.pdf>
Package pdftex.def Info: ../doc/mermaid-pdf/models/families/quantum-inspired/01
.pdf  used on input line 930.
(pdftex.def)             Requested size: 452.98212pt x 26.45415pt.
[76

 <../doc/mermaid-pdf/models/families/quantum-inspired/01.pdf>]
LaTeX Info: Redefining \. on input line 969.
LaTeX Info: Redefining \% on input line 969.
 [77]
LaTeX Info: Redefining \. on input line 997.
LaTeX Info: Redefining \% on input line 997.
 [78]
\pydata@fh@0=\write6
\openout6 = `_FAD58DE7366495DB4650CFEFAC2FCD61.data.minted'.

runsystem(latexminted config  --timestamp 20260517164701Z FAD58DE7366495DB4650C
FEFAC2FCD61)...executed.


(./_FAD58DE7366495DB4650CFEFAC2FCD61.config.minted)
runsystem(latexminted cleanconfig  --timestamp 20260517164701Z FAD58DE7366495DB
4650CFEFAC2FCD61)...executed.


(./_minted/colorful.style.minted)
(./_minted/4491374EE8B56F411F2B09F1957A1EDA.highlight.minted
LaTeX Font Info:    Font shape `T1/fvm/b/n' will be
(Font)              scaled to size 9.30756pt on input line 10.
)
LaTeX Info: Redefining \. on input line 1035.
LaTeX Info: Redefining \% on input line 1035.
 [79]
LaTeX Info: Redefining \. on input line 1072.
LaTeX Info: Redefining \% on input line 1072.
 [80]
LaTeX Info: Redefining \. on input line 1095.
LaTeX Info: Redefining \% on input line 1095.

[81] (./chapters/app7_reg_symbolic.tex
LaTeX Info: Redefining \. on input line 2.
LaTeX Info: Redefining \% on input line 2.
 [82]
chapter F.
[83

]
LaTeX Info: Redefining \. on input line 66.
LaTeX Info: Redefining \% on input line 66.
 [84]
LaTeX Info: Redefining \. on input line 116.
LaTeX Info: Redefining \% on input line 116.
 [85]
LaTeX Info: Redefining \. on input line 158.
LaTeX Info: Redefining \% on input line 158.
 [86]
LaTeX Info: Redefining \. on input line 192.
LaTeX Info: Redefining \% on input line 192.
 [87]
LaTeX Info: Redefining \. on input line 223.
LaTeX Info: Redefining \% on input line 223.
 [88]
LaTeX Info: Redefining \. on input line 297.
LaTeX Info: Redefining \% on input line 297.
 [89]
LaTeX Info: Redefining \. on input line 311.
LaTeX Info: Redefining \% on input line 311.
 [90]) (./chapters/app8_atm.tex
LaTeX Info: Redefining \. on input line 1.
LaTeX Info: Redefining \% on input line 1.
 [91]
chapter G.
) (./main.bbl [92

]) [93

] (./main.aux
LaTeX Info: Redefining \. on input line 19.
LaTeX Info: Redefining \% on input line 19.
)
 ***********
LaTeX2e <2025-11-01>
L3 programming layer <2020/03/25>
 ***********


 *File List*
scrreprt.cls    2026/02/02 v3.49.2 KOMA-Script document class (report)
scrkbase.sty    2026/02/02 v3.49.2 KOMA-Script package (KOMA-Script-dependent b
asics and keyval usage)
 scrbase.sty    2026/02/02 v3.49.2 KOMA-Script package (KOMA-Script-independent
 basics and keyval usage)
scrlfile.sty    2026/02/02 v3.49.2 KOMA-Script package (file load hooks)
scrlfile-hook.sty    2026/02/02 v3.49.2 KOMA-Script package (using LaTeX hooks)

 scrlogo.sty    2026/02/02 v3.49.2 KOMA-Script package (logo)
  keyval.sty    2022/05/29 v1.15 key=value parser (DPC)
tocbasic.sty    2026/02/02 v3.49.2 KOMA-Script package (handling toc-files)
scrsize12pt.clo    2026/02/02 v3.49.2 KOMA-Script font size class option (12pt)

typearea.sty    2026/02/02 v3.49.2 KOMA-Script package (type area)
inputenc.sty    2024/02/08 v1.3d Input encoding file
 fontenc.sty    2025/07/18 v2.1d Standard LaTeX package
fixltx2e.sty    2016/12/29 v2.1a fixes to LaTeX (obsolete)
graphicx.sty    2024/12/31 v1.2e Enhanced LaTeX Graphics (DPC,SPQR)
graphics.sty    2024/08/06 v1.4g Standard LaTeX Graphics (DPC,SPQR)
    trig.sty    2023/12/02 v1.11 sin cos tan (DPC)
graphics.cfg    2016/06/04 v1.11 sample graphics configuration
  pdftex.def    2025/09/29 v1.2d Graphics/color driver for pdftex
 grffile.sty    2019/11/11 v2.1 Extended file name support for graphics (legacy
)
longtable.sty    2025-10-13 v4.24 Multi-page Table package (DPC)
 wrapfig.sty    2003/01/31  v 3.6
rotating.sty    2025/01/14 v2.16e rotated objects in LaTeX
  ifthen.sty    2024/03/16 v1.1e Standard LaTeX ifthen package (DPC)
    ulem.sty    2019/11/18
 amsmath.sty    2025/07/09 v2.17z AMS math features
 amstext.sty    2024/11/17 v2.01 AMS text
  amsgen.sty    1999/11/30 v2.0 generic functions
  amsbsy.sty    1999/11/29 v1.2d Bold Symbols
  amsopn.sty    2022/04/08 v2.04 operator names
textcomp.sty    2024/04/24 v2.1b Standard LaTeX package
 amssymb.sty    2013/01/14 v3.01 AMS font symbols
amsfonts.sty    2013/01/14 v3.01 Basic AMSFonts support
hyperref.sty    2026-04-24 v7.01q Hypertext links for LaTeX
   iftex.sty    2024/12/12 v1.0g TeX engine tests
kvsetkeys.sty    2022-10-05 v1.19 Key value parser (HO)
kvdefinekeys.sty    2019-12-19 v1.6 Define keys (HO)
pdfescape.sty    2019/12/09 v1.15 Implements pdfTeX's escape features (HO)
 ltxcmds.sty    2023-12-04 v1.26 LaTeX kernel commands for general use (HO)
pdftexcmds.sty    2020-06-27 v0.33 Utility functions of pdfTeX for LuaTeX (HO)
infwarerr.sty    2019/12/03 v1.5 Providing info/warning/error messages (HO)
 hycolor.sty    2020-01-27 v1.10 Color options for hyperref/bookmark (HO)
 nameref.sty    2026-01-29 v2.58 Cross-referencing by name of section
refcount.sty    2019/12/15 v3.6 Data extraction from label references (HO)
gettitlestring.sty    2019/12/15 v1.6 Cleanup title references (HO)
kvoptions.sty    2022-06-15 v3.15 Key value format for package options (HO)
etoolbox.sty    2025/10/02 v2.5m e-TeX tools for LaTeX (JAW)
stringenc.sty    2019/11/29 v1.12 Convert strings between diff. encodings (HO)
  pd1enc.def    2026-04-24 v7.01q Hyperref: PDFDocEncoding definition (HO)
 intcalc.sty    2019/12/15 v1.3 Expandable calculations with integers (HO)
   puenc.def    2026-04-24 v7.01q Hyperref: PDF Unicode definition (HO)
     url.sty    2013/09/16  ver 3.4  Verb mode for urls, etc.
  bitset.sty    2019/12/09 v1.3 Handle bit-vector datatype (HO)
bigintcalc.sty    2019/12/15 v1.5 Expandable calculations on big integers (HO)
 hpdftex.def    2026-04-24 v7.01q Hyperref driver for pdfTeX
rerunfilecheck.sty    2025-06-21 v1.11 Rerun checks for auxiliary files (HO)
uniquecounter.sty    2019/12/15 v1.4 Provide unlimited unique counter (HO)
    tikz.sty    2025-08-29 v3.1.11a (3.1.11a)
     pgf.sty    2025-08-29 v3.1.11a (3.1.11a)
  pgfrcs.sty    2025-08-29 v3.1.11a (3.1.11a)
pgfrcs.code.tex
 pgfcore.sty    2025-08-29 v3.1.11a (3.1.11a)
  pgfsys.sty    2025-08-29 v3.1.11a (3.1.11a)
pgfsys.code.tex
pgfsyssoftpath.code.tex    2025-08-29 v3.1.11a (3.1.11a)
pgfsysprotocol.code.tex    2025-08-29 v3.1.11a (3.1.11a)
  xcolor.sty    2024/09/29 v3.02 LaTeX color extensions (UK)
   color.cfg    2016/01/02 v1.6 sample color configuration
mathcolor.ltx
pgfcore.code.tex
pgfcomp-version-0-65.sty    2025-08-29 v3.1.11a (3.1.11a)
pgfcomp-version-1-18.sty    2025-08-29 v3.1.11a (3.1.11a)
  pgffor.sty    2025-08-29 v3.1.11a (3.1.11a)
 pgfkeys.sty    
pgfkeys.code.tex
 pgfmath.sty    
pgfmath.code.tex
pgffor.code.tex
tikz.code.tex
  minted.sty    2026/03/03 v3.8.0 Yet another Pygments shim for LaTeX
catchfile.sty    2019/12/09 v1.8 Catch the contents of a file (HO)
etexcmds.sty    2019/12/15 v1.7 Avoid name clashes with e-TeX commands (HO)
 fvextra.sty    2026/02/25 v1.14.0 fvextra - extensions and patches for fancyvr
b
fancyvrb.sty    2026/04/16 4.6a verbatim text (tvz,hv)
 upquote.sty    2012/04/19 v1.3 upright-quote and grave-accent glyphs in verbat
im
  lineno.sty    2026/03/08 line numbers on paragraphs v5.9
latex2pydata.sty    2026/02/25 v0.7.0 latex2pydata - write data to file in Pyth
on literal format
 pgfopts.sty    2014/07/10 v2.1a LaTeX package options with pgfkeys
shellesc.sty    2023/07/08 v1.0d unified shell escape interface for LaTeX
   float.sty    2001/11/08 v1.3d Float enhancements (AL)
  natbib.sty    2010/09/13 8.31b (PWD, AO)
booktabs.sty    2020/01/12 v1.61803398 Publication quality tables
   array.sty    2025/09/25 v2.6n Tabular extension package (FMi)
tabularx.sty    2023/12/11 v2.12a `tabularx' package (DPC)
adjustbox.sty    2025/02/26 v1.3c Adjusting TeX boxes (trim, clip, ...)
 xkeyval.sty    2025/11/04 v2.10 package option processing (HA)
 xkeyval.tex    2014/12/03 v2.7a key=value parser (HA)
 adjcalc.sty    2012/05/16 v1.1 Provides advanced setlength with multiple back-
ends (calc, etex, pgfmath)
trimclip.sty    2025/02/21 v1.2a Trim and clip general TeX material
collectbox.sty    2022/10/17 v0.4c Collect macro arguments as boxes
tc-pdftex.def    2025/02/26 v2.3 Clipping driver for pdftex
ifoddpage.sty    2022/10/18 v1.2 Conditionals for odd/even page detection
varwidth.sty    2009/03/30 ver 0.92;  Variable-width minipages
microtype.sty    2026/03/01 v3.2d Micro-typographical refinements (RS)
microtype-pdftex.def    2026/03/01 v3.2d Definitions specific to pdftex (RS)
microtype.cfg    2026/03/01 v3.2d microtype main configuration file (RS)
subcaption.sty    2023/07/28 v1.6b Sub-captions (AR)
 caption.sty    2023/08/05 v3.6o Customizing captions (AR)
caption3.sty    2023/07/31 v2.4d caption3 kernel (AR)
ltcaption.sty    2021/01/08 v1.4c longtable captions (AR)
classicthesis.sty    2015/09/06 v4.2 Typographic style for a classic-looking th
esis
   ifpdf.sty    2019/10/25 v3.4 ifpdf legacy package. Use iftex instead.
 ifxetex.sty    2019/10/25 v0.7 ifxetex legacy package. Use iftex instead.
mathpazo.sty    2020/03/25 PSNFSS-v9.3 Palatino w/ Pazo Math (D.Puga, WaS) 
beramono.sty    2004/01/31 (WaS)
textcase.sty    2025/02/16 v1.05 Text only upper/lower case changing (DPC)
scrlayer-scrpage.sty    2026/02/02 v3.49.2 KOMA-Script package (end user interf
ace for scrlayer)
scrlayer.sty    2026/02/02 v3.49.2 KOMA-Script package (defining layers and pag
e styles)
titlesec.sty    2025/01/04 v2.17 Sectioning titles
 tocloft.sty    2017/08/31 v2.3i parameterised ToC, etc., typesetting
 scrtime.sty    2026/02/02 v3.49.2 KOMA-Script package (time of LaTeX run)
remreset.sty    
enumitem.sty    2025/02/06 v3.11 Customized lists
geometry.sty    2026/03/07 v6.0 Page Geometry
  ifvtex.sty    2019/10/25 v1.7 ifvtex legacy package. Use iftex instead.
 parskip.sty    2021-03-14 v2.0h non-zero parskip adjustments
variables.sty    2026/05/10 Re-usable thesis information
  macros.tex
  amsthm.sty    2020/05/29 v2.20.6
  xpatch.sty    2020/03/25 v0.3a Extending etoolbox patching commands
   expl3.sty    2026-04-28 L3 programming layer (loader) 
l3backend-pdftex.def    2026-02-18 L3 backend support: PDF output (pdfTeX)
  xparse.sty    2025-10-09 L3 Experimental document command parser
 tikz-cd.sty    2021/05/04 v1.0 Commutative diagrams with TikZ
bussproofs.sty    
mathtools.sty    2024/10/04 v1.31 mathematical typesetting tools
    calc.sty    2025/03/01 v4.3b Infix arithmetic (KKT,FJ)
 mhsetup.sty    2021/03/18 v1.4 programming setup (MH)
scalerel.sty    2016/12/29 v1.8 Routines for constrained scaling and stretching
 of objects, relative to a reference object or in absolute terms
stmaryrd.sty    1994/03/03 St Mary's Road symbol package
classicthesis-config.tex
   babel.sty    2026/05/03 v26.7 The multilingual framework for LuaLaTeX, pdfLa
TeX and XeLaTeX
babel-spanish.tex
 spanish.ldf
 fontenc.sty    2025/07/18 v2.1d Standard LaTeX package
  t1pplj.fd    2004/09/06 font definitions for T1/pplj.
 scrhack.sty    2024-09-04 v3.42 scrhack emulation package
floatbytocbasic.sty    2023-08-16 v1.0 improved float package using tocbasic
  xspace.sty    2014/10/28 v1.13 Space after command names (DPC,MH)
mparhack.sty    2021-05-02 v1.5 (T. Sgouros and S. Ulrich)
 acronym.sty    2025/01/17 v1.50 Support for acronyms (Tobias Oetiker)
  suffix.sty    2006/07/15 1.5a Variant command support
 xstring.sty    2023/08/22 v1.86 String manipulations (CT)
 relsize.sty    2013/03/29 ver 4.1
doc_diagrams.tex
 titling.sty    2009/09/04 v2.1d maketitle typesetting
titlepage.tex
datetime.sty    2015/03/20 v2.60 Date Time Package
fmtcount.sty    2025/12/02 v3.12 Displaying the values of LaTeX counters (NT,VB
,NE)
fcprefix.sty    2012/09/28
fcnumparser.sty    2017/06/15
datetime-defaults.sty    2013/09/10
dt-spanish.def    2013/09/10
wallpaper.sty    2005/01/18, v1.01 easy wallpaper formatting (MHFW)
 eso-pic.sty    2025/12/10 v3.0d eso-pic (RN)
bookmark.sty    2023-12-10 v1.31 PDF bookmarks (HO)
bkm-pdftex.def    2023-12-10 v1.31 bookmark driver for pdfTeX and luaTeX (HO)
supp-pdf.mkii
epstopdf-base.sty    2020-01-24 v2.11 Base part for package epstopdf
epstopdf-sys.cfg    2010/07/13 v1.3 Configuration of (r)epstopdf for TeX Live
  mt-ppl.cfg    2005/11/16 v1.6 microtype config. file: Palatino (RS)
 ot1pplx.fd    2004/09/06 font definitions for OT1/pplx.
 omlzplm.fd    2002/09/08 Fontinst v1.914 font definitions for OML/zplm.
 omszplm.fd    2002/09/08 Fontinst v1.914 font definitions for OMS/zplm.
 omxzplm.fd    2002/09/08 Fontinst v1.914 font definitions for OMX/zplm.
  mt-msa.cfg    2006/02/04 v1.1 microtype config. file: AMS symbols (a) (RS)
  mt-msb.cfg    2005/06/01 v1.0 microtype config. file: AMS symbols (b) (RS)
 ot1zplm.fd    2002/09/08 Fontinst v1.914 font definitions for OT1/zplm.
  Ustmry.fd
ai_volatility_options_cover.pdf    Graphic file (type pdf)
prefaces/resumen.tex
 ts1pplj.fd    2004/09/06 font definitions for TS1/pplj.
prefaces/abstract.tex
../doc/mermaid-pdf/index/01.pdf
chapters/ch2_marco_teorico.tex
chapters/ch3_metodologia.tex
../doc/mermaid-pdf/index/02.pdf
   t1fvm.fd    2004/09/07 scalable font definitions for T1/fvm.
../doc/mermaid-pdf/data/index/01.pdf
../imgs/loaders_builders_schema.drawio.png
../doc/mermaid-pdf/data/raw-read/01.pdf
../doc/mermaid-pdf/data/raw-read/02.pdf
../doc/mermaid-pdf/data/merge-raw/02.pdf
../doc/mermaid-pdf/data/merge-raw/01.pdf
../doc/mermaid-pdf/data/product-split/01.pdf
../doc/mermaid-pdf/data/underlying/01.pdf
../doc/mermaid-pdf/data/volatility/02.pdf
../doc/mermaid-pdf/data/volatility/01.pdf
../doc/mermaid-pdf/data/index/02.pdf
../doc/mermaid-pdf/models/features/01.pdf
../doc/mermaid-pdf/models/features/02.pdf
../doc/mermaid-pdf/models/splits-kfolds/01.pdf
../doc/mermaid-pdf/models/splits-kfolds/02.pdf
../doc/mermaid-pdf/models/index/02.pdf
../doc/mermaid-pdf/models/splits-kfolds/03.pdf
../doc/mermaid-pdf/models/retraining-progressive/02.pdf
../doc/mermaid-pdf/models/retraining-progressive/01.pdf
../doc/mermaid-pdf/dashboard/model-to-dashboard/01.pdf
../doc/mermaid-pdf/dashboard/behaviour-surface/01.pdf
../doc/mermaid-pdf/dashboard/global-explainability/01.pdf
../doc/mermaid-pdf/dashboard/sample-explainability/01.pdf
../doc/mermaid-pdf/dashboard/diagnosis/01.pdf
../doc/mermaid-pdf/dashboard/behaviour/volatility-surfaces/01.pdf
../imgs/cloud_diagram.drawio.png
../doc/mermaid-pdf/repository/index/02.pdf
../imgs/dashboard/Diagnosis - Random Forest.png
../imgs/dashboard/Diagnosis - Xgboost.png
../imgs/dashboard/Behaviour And Surface - Random Forest I.png
../imgs/dashboard/Behaviour And Surface - Xgboost I.png
../imgs/dashboard/Global Explainability - Random Forest I.png
../imgs/dashboard/Global Explainability - Xgboost I.png
../imgs/dashboard/Global Explainability - Random Forest III.png
../imgs/dashboard/Global Explainability - Xgboost III.png
../imgs/dashboard/Sample Explainability - Random Forest I.png
../imgs/dashboard/Sample Explainability - Xgboost I.png
../imgs/dashboard/Sample Explainability - Random Forest III.png
../imgs/dashboard/Sample Explainability - Xgboost III.png
  mt-cmr.cfg    2013/05/19 v2.2 microtype config. file: Computer Modern Roman (
RS)
../imgs/databases_structure_details.drawio.png
../imgs/databases_structure_details.drawio.png
../imgs/databases_structure_details.drawio.png
chapters/app2_metodologia_de_trabajo.tex
chapters/app3_shap.tex
 ufplmbb.fd    2003/10/30 Fontinst v1.914 font definitions for U/fplmbb.
../doc/mermaid-pdf/dashboard/behaviour/ale/01.pdf
../doc/mermaid-pdf/models/families/quantum-inspired/01.pdf
_FAD58DE7366495DB4650CFEFAC2FCD61.config.minted
"_minted/colorful.style.minted"
_minted/4491374EE8B56F411F2B09F1957A1EDA.highlight.minted
chapters/app7_reg_symbolic.tex
chapters/app8_atm.tex
    main.bbl
 ***********


LaTeX Warning: There were undefined references.


LaTeX Warning: There were multiply-defined labels.

 ) 
Here is how much of TeX's memory you used:
 46493 strings out of 467341
 976926 string characters out of 5415375
 1721074 words of memory out of 5000000
 74330 multiletter control sequences out of 15000+600000
 744743 words of font info for 259 fonts, out of 8000000 for 9000
 1141 hyphenation exceptions out of 8191
 108i,23n,135p,11207b,1052s stack positions out of 10000i,1000n,20000p,200000b,200000s
</usr/local/texlive/2026/texmf-dist/fonts/type1/public/amsfonts/cm/cmex10.pfb
></usr/local/texlive/2026/texmf-dist/fonts/type1/public/amsfonts/cm/cmmi10.pfb>
</usr/local/texlive/2026/texmf-dist/fonts/type1/public/amsfonts/cm/cmr10.pfb></
usr/local/texlive/2026/texmf-dist/fonts/type1/public/amsfonts/cm/cmsy10.pfb></u
sr/local/texlive/2026/texmf-dist/fonts/type1/public/amsfonts/euler/eurb10.pfb><
/usr/local/texlive/2026/texmf-dist/fonts/type1/public/fpl/fplbj8a.pfb></usr/loc
al/texlive/2026/texmf-dist/fonts/type1/public/mathpazo/fplmb.pfb></usr/local/te
xlive/2026/texmf-dist/fonts/type1/public/mathpazo/fplmbb.pfb></usr/local/texliv
e/2026/texmf-dist/fonts/type1/public/mathpazo/fplmr.pfb></usr/local/texlive/202
6/texmf-dist/fonts/type1/public/mathpazo/fplmri.pfb></usr/local/texlive/2026/te
xmf-dist/fonts/type1/public/fpl/fplrc8a.pfb></usr/local/texlive/2026/texmf-dist
/fonts/type1/public/fpl/fplrij8a.pfb></usr/local/texlive/2026/texmf-dist/fonts/
type1/public/bera/fvmb8a.pfb></usr/local/texlive/2026/texmf-dist/fonts/type1/pu
blic/bera/fvmr8a.pfb></usr/local/texlive/2026/texmf-dist/fonts/type1/public/cm-
super/sfrm1095.pfb></usr/local/texlive/2026/texmf-dist/fonts/type1/urw/palatino
/uplb8a.pfb></usr/local/texlive/2026/texmf-dist/fonts/type1/urw/palatino/uplr8a
.pfb></usr/local/texlive/2026/texmf-dist/fonts/type1/urw/palatino/uplri8a.pfb>
Output written on main.pdf (93 pages, 2331166 bytes).
PDF statistics:
 1617 PDF objects out of 1728 (max. 8388607)
 1327 compressed objects within 14 object streams
 332 named destinations out of 1000 (max. 500000)
 41920 words of extra memory for PDF output out of 42996 (max. 10000000)

